3590000,"2024-02-23 18:11:04"
3600000,"2024-02-23 18:11:55"
3610000,"2024-02-23 18:12:44"
3620000,"2024-02-23 18:13:37"
3610000,"2024-02-23 18:14:29"
3620000,"2024-02-23 18:15:20"
3610000,"2024-02-23 18:16:11"
3620000,"2024-02-23 18:17:04"
3610000,"2024-02-23 18:17:56"
3600000,"2024-02-23 18:18:47"
3590000,"2024-02-23 18:19:38"
3580000,"2024-02-23 18:20:29"
3570000,"2024-02-23 18:21:19"
3560000,"2024-02-23 18:22:10"
3570000,"2024-02-23 18:23:02"
3580000,"2024-02-23 18:23:55"
3600000,"2024-02-23 18:24:47"
3620000,"2024-02-23 18:25:40"
3630000,"2024-02-23 18:26:32"
3640000,"2024-02-23 18:27:25"
3630000,"2024-02-23 18:28:16"
3620000,"2024-02-23 18:29:07"
3610000,"2024-02-23 18:29:58"
3620000,"2024-02-23 18:30:50"
3610000,"2024-02-23 18:31:42"
3600000,"2024-02-23 18:32:33"
3610000,"2024-02-23 18:35:26"
3620000,"2024-02-23 18:36:19"
3630000,"2024-02-23 18:37:11"
3670000,"2024-02-23 18:38:02"
3660000,"2024-02-23 18:38:54"
3650000,"2024-02-23 18:39:45"
3680000,"2024-02-23 18:40:38"
3690000,"2024-02-23 18:41:30"
3680000,"2024-02-23 18:42:21"
3670000,"2024-02-23 18:43:13"
3700000,"2024-02-23 18:44:03"
3690000,"2024-02-23 18:44:55"
3680000,"2024-02-23 18:45:46"
3670000,"2024-02-23 18:46:37"
3680000,"2024-02-23 18:47:30"
3670000,"2024-02-23 18:48:22"
3680000,"2024-02-23 18:49:14"
3670000,"2024-02-23 18:50:06"
3660000,"2024-02-23 18:50:57"
3650000,"2024-02-23 18:51:48"
3660000,"2024-02-23 18:52:40"
3650000,"2024-02-23 18:53:31"
3670000,"2024-02-23 18:54:23"
3660000,"2024-02-23 18:55:15"
3670000,"2024-02-23 18:56:06"
3690000,"2024-02-23 18:56:58"
3730000,"2024-02-23 18:57:50"
3720000,"2024-02-23 18:58:41"
3710000,"2024-02-23 18:59:33"
3700000,"2024-02-23 19:00:24"
3720000,"2024-02-23 19:01:17"
3760000,"2024-02-23 19:02:08"
3750000,"2024-02-23 19:02:58"
3740000,"2024-02-23 19:03:48"
3750000,"2024-02-23 19:04:40"
3740000,"2024-02-23 19:05:32"
3760000,"2024-02-23 19:06:25"
3770000,"2024-02-23 19:07:17"
3760000,"2024-02-23 19:08:09"
3770000,"2024-02-23 19:09:02"
3780000,"2024-02-23 19:09:53"
3810000,"2024-02-23 19:10:45"
3820000,"2024-02-23 19:11:38"
3810000,"2024-02-23 19:12:29"
3850000,"2024-02-23 19:13:20"
3880000,"2024-02-23 19:14:12"
3890000,"2024-02-23 19:15:04"
3910000,"2024-02-23 19:15:57"
3920000,"2024-02-23 19:16:47"
3950000,"2024-02-23 19:17:39"
3940000,"2024-02-23 19:18:28"
3950000,"2024-02-23 19:19:21"
3940000,"2024-02-23 19:20:12"
3930000,"2024-02-23 19:21:04"
3920000,"2024-02-23 19:21:54"
3930000,"2024-02-23 19:22:46"
3950000,"2024-02-23 19:23:39"
3940000,"2024-02-23 19:24:29"
3980000,"2024-02-23 19:25:22"
4000000,"2024-02-23 19:26:12"
4030000,"2024-02-23 19:27:04"
4020000,"2024-02-23 19:27:53"
4010000,"2024-02-23 19:28:43"
4040000,"2024-02-23 19:29:35"
4070000,"2024-02-23 19:30:26"
4060000,"2024-02-23 19:31:17"
4050000,"2024-02-23 19:32:09"
4080000,"2024-02-23 19:33:00"
4090000,"2024-02-23 19:33:53"
4120000,"2024-02-23 19:34:45"
4130000,"2024-02-23 19:35:38"
4120000,"2024-02-23 19:36:36"
4180000,"2024-02-23 20:09:10"
4170000,"2024-02-23 20:10:01"
4210000,"2024-02-23 20:10:52"
4200000,"2024-02-23 20:11:44"
4190000,"2024-02-23 20:12:35"
4180000,"2024-02-23 20:13:27"
4170000,"2024-02-23 20:14:16"
4180000,"2024-02-23 20:15:09"
4170000,"2024-02-23 20:16:01"
4180000,"2024-02-23 20:16:53"
4200000,"2024-02-23 20:17:45"
4190000,"2024-02-23 20:18:35"
4180000,"2024-02-23 20:19:23"
4170000,"2024-02-23 20:20:13"
4160000,"2024-02-23 20:21:04"
4150000,"2024-02-23 20:21:54"
4160000,"2024-02-23 20:22:45"
4170000,"2024-02-23 20:23:36"
4160000,"2024-02-23 20:24:27"
4150000,"2024-02-23 20:25:17"
4140000,"2024-02-23 20:26:14"
4130000,"2024-02-23 20:27:05"
4120000,"2024-02-23 20:27:57"
4110000,"2024-02-23 20:28:48"
4130000,"2024-02-23 20:29:40"
4120000,"2024-02-23 20:30:32"
4130000,"2024-02-23 20:31:21"
4160000,"2024-02-23 20:32:12"
4210000,"2024-02-23 20:33:04"
4220000,"2024-02-23 20:33:56"
4210000,"2024-02-23 20:34:48"
4200000,"2024-02-23 20:35:39"
4190000,"2024-02-23 20:36:30"
4200000,"2024-02-23 20:37:22"
4220000,"2024-02-23 20:38:14"
4250000,"2024-02-23 20:39:04"
4240000,"2024-02-23 20:39:55"
4280000,"2024-02-23 20:40:46"
4270000,"2024-02-23 20:41:38"
4290000,"2024-02-23 20:42:30"
4280000,"2024-02-23 20:43:19"
4270000,"2024-02-23 20:44:10"
4260000,"2024-02-23 20:45:02"
4290000,"2024-02-23 20:45:54"
4280000,"2024-02-23 20:46:43"
4290000,"2024-02-23 20:47:36"
4310000,"2024-02-23 20:48:28"
4300000,"2024-02-23 20:49:20"
4310000,"2024-02-23 20:50:11"
4340000,"2024-02-23 20:51:03"
4350000,"2024-02-23 20:51:54"
4380000,"2024-02-23 20:52:47"
4370000,"2024-02-23 20:53:38"
4400000,"2024-02-23 20:54:30"
4390000,"2024-02-23 20:55:22"
4380000,"2024-02-23 20:56:12"
4370000,"2024-02-23 20:57:02"
4380000,"2024-02-23 20:57:55"
4390000,"2024-02-23 20:58:45"
4400000,"2024-02-23 20:59:38"
4430000,"2024-02-23 21:00:30"
4440000,"2024-02-23 21:01:22"
4460000,"2024-02-23 21:02:14"
4450000,"2024-02-23 21:03:05"
4440000,"2024-02-23 21:03:56"
4430000,"2024-02-23 21:04:48"
4440000,"2024-02-23 21:05:41"
4450000,"2024-02-23 21:06:33"
4490000,"2024-02-23 21:07:24"
4480000,"2024-02-23 21:08:15"
4470000,"2024-02-23 21:09:07"
4490000,"2024-02-23 21:10:00"
4480000,"2024-02-23 21:10:50"
4470000,"2024-02-23 21:11:42"
4480000,"2024-02-23 21:12:34"
4470000,"2024-02-23 21:13:26"
4460000,"2024-02-23 21:14:16"
4450000,"2024-02-23 21:15:08"
4470000,"2024-02-23 21:15:59"
4460000,"2024-02-23 21:16:51"
4450000,"2024-02-23 21:17:42"
4440000,"2024-02-23 21:18:34"
4430000,"2024-02-23 21:19:25"
4420000,"2024-02-23 21:20:17"
4440000,"2024-02-23 21:21:10"
4661000,"2024-02-27 15:51:47"
4651000,"2024-02-27 15:52:37"
4641000,"2024-02-27 15:53:28"
4631000,"2024-02-27 15:54:18"
4641000,"2024-02-27 15:55:09"
4631000,"2024-02-27 15:56:01"
4621000,"2024-02-27 15:56:52"
4661000,"2024-02-27 15:57:41"
4651000,"2024-02-27 15:58:33"
4641000,"2024-02-27 15:59:23"
4671000,"2024-02-27 16:00:14"
4701000,"2024-02-27 16:01:06"
4691000,"2024-02-27 16:01:57"
4681000,"2024-02-27 16:02:49"
4691000,"2024-02-27 16:03:39"
4681000,"2024-02-27 16:04:31"
4671000,"2024-02-27 16:05:21"
4681000,"2024-02-27 16:06:13"
4711000,"2024-02-27 16:07:04"
4701000,"2024-02-27 16:07:56"
4691000,"2024-02-27 16:08:47"
4681000,"2024-02-27 16:09:39"
4671000,"2024-02-27 16:10:31"
4711000,"2024-02-27 16:11:20"
4701000,"2024-02-27 16:12:11"
4711000,"2024-02-27 16:13:03"
4701000,"2024-02-27 16:13:54"
4691000,"2024-02-27 16:14:44"
4681000,"2024-02-27 16:15:35"
4671000,"2024-02-27 16:16:25"
4691000,"2024-02-27 16:17:17"
4681000,"2024-02-27 16:18:08"
4671000,"2024-02-27 16:19:00"
4661000,"2024-02-27 16:19:52"
4651000,"2024-02-27 16:20:40"
4641000,"2024-02-27 16:21:31"
4661000,"2024-02-27 16:22:23"
4671000,"2024-02-27 16:23:15"
4661000,"2024-02-27 16:24:05"
4671000,"2024-02-27 16:24:58"
4691000,"2024-02-27 16:25:50"
4701000,"2024-02-27 16:26:43"
4711000,"2024-02-27 16:27:36"
4721000,"2024-02-27 16:28:26"
4731000,"2024-02-27 16:29:18"
4751000,"2024-02-27 16:30:08"
4761000,"2024-02-27 16:30:58"
4751000,"2024-02-27 16:31:51"
4761000,"2024-02-27 16:32:44"
4751000,"2024-02-27 16:33:32"
4761000,"2024-02-27 16:34:22"
4781000,"2024-02-27 16:35:13"
4771000,"2024-02-27 16:36:05"
4811000,"2024-02-27 16:36:57"
4801000,"2024-02-27 16:37:46"
4821000,"2024-02-27 16:38:39"
4831000,"2024-02-27 16:39:27"
4821000,"2024-02-27 16:40:16"
4811000,"2024-02-27 16:41:08"
4821000,"2024-02-27 16:42:00"
4811000,"2024-02-27 16:42:52"
4831000,"2024-02-27 16:43:45"
4821000,"2024-02-27 16:44:35"
4811000,"2024-02-27 16:45:26"
4821000,"2024-02-27 16:46:19"
4831000,"2024-02-27 16:47:10"
4851000,"2024-02-27 16:48:01"
4841000,"2024-02-27 16:48:51"
4831000,"2024-02-27 16:49:43"
4841000,"2024-02-27 16:50:36"
4831000,"2024-02-27 16:51:26"
4821000,"2024-02-27 16:52:15"
4811000,"2024-02-27 16:53:06"
4801000,"2024-02-27 16:53:58"
4811000,"2024-02-27 16:54:51"
4831000,"2024-02-27 16:55:43"
4841000,"2024-02-27 16:56:35"
4891000,"2024-02-27 16:57:28"
4901000,"2024-02-27 16:58:20"
4891000,"2024-02-27 16:59:11"
4881000,"2024-02-27 17:00:00"
4931000,"2024-02-27 17:00:53"
4941000,"2024-02-27 17:01:46"
4951000,"2024-02-27 17:02:37"
4941000,"2024-02-27 17:03:27"
4931000,"2024-02-27 17:04:18"
4921000,"2024-02-27 17:05:09"
4941000,"2024-02-27 17:06:01"
4961000,"2024-02-27 17:06:54"
4951000,"2024-02-27 17:07:45"
4941000,"2024-02-27 17:08:36"
4931000,"2024-02-27 17:09:28"
4921000,"2024-02-27 17:10:20"
4971000,"2024-02-27 17:11:13"
4981000,"2024-02-27 17:12:03"
4971000,"2024-02-27 17:12:54"
5001000,"2024-02-27 17:13:46"
5041000,"2024-02-27 17:14:39"
5051000,"2024-02-27 17:15:30"
5071000,"2024-02-27 17:16:22"
5081000,"2024-02-27 17:17:14"
5101000,"2024-02-27 17:18:05"
5091000,"2024-02-27 17:18:55"
5101000,"2024-02-27 17:19:47"
5121000,"2024-02-27 17:20:36"
5111000,"2024-02-27 17:21:28"
5101000,"2024-02-27 17:22:19"
5131000,"2024-02-27 17:23:12"
5121000,"2024-02-27 17:24:01"
5111000,"2024-02-27 17:24:51"
5101000,"2024-02-27 17:25:42"
5111000,"2024-02-27 17:26:34"
5101000,"2024-02-27 17:27:25"
5091000,"2024-02-27 17:28:17"
5101000,"2024-02-27 17:29:09"
5091000,"2024-02-27 17:30:00"
5101000,"2024-02-27 17:30:53"
5111000,"2024-02-27 17:31:46"
5121000,"2024-02-27 17:32:37"
5141000,"2024-02-27 17:33:28"
5131000,"2024-02-27 17:34:20"
5121000,"2024-02-27 17:35:11"
5111000,"2024-02-27 17:36:02"
5121000,"2024-02-27 17:36:55"
5111000,"2024-02-27 17:37:46"
5121000,"2024-02-27 17:38:38"
5171000,"2024-02-27 17:39:31"
5161000,"2024-02-27 17:40:21"
5191000,"2024-02-27 17:41:13"
5211000,"2024-02-27 17:42:05"
5231000,"2024-02-27 17:42:57"
5241000,"2024-02-27 17:43:48"
5251000,"2024-02-27 17:44:40"
5271000,"2024-02-27 17:45:32"
5261000,"2024-02-27 17:46:24"
5271000,"2024-02-27 17:47:16"
5261000,"2024-02-27 17:48:05"
5251000,"2024-02-27 17:48:56"
5261000,"2024-02-27 17:49:49"
5271000,"2024-02-27 17:50:41"
5291000,"2024-02-27 17:51:34"
5351000,"2024-02-28 15:26:24"
5341000,"2024-02-28 15:27:15"
5351000,"2024-02-28 15:28:08"
5341000,"2024-02-28 15:29:00"
5361000,"2024-02-28 15:29:53"
5351000,"2024-02-28 15:30:44"
5341000,"2024-02-28 15:31:37"
5331000,"2024-02-28 15:32:29"
5361000,"2024-02-28 15:33:22"
5371000,"2024-02-28 15:34:14"
5361000,"2024-02-28 15:35:06"
5371000,"2024-02-28 15:35:58"
5361000,"2024-02-28 15:36:51"
5351000,"2024-02-28 15:37:43"
5371000,"2024-02-28 15:38:36"
5381000,"2024-02-28 15:39:27"
5391000,"2024-02-28 15:40:18"
5421000,"2024-02-28 15:41:11"
5411000,"2024-02-28 15:42:02"
5401000,"2024-02-28 15:42:55"
5391000,"2024-02-28 15:43:46"
5381000,"2024-02-28 15:44:36"
5401000,"2024-02-28 15:45:28"
5421000,"2024-02-28 15:46:19"
5411000,"2024-02-28 15:47:09"
5401000,"2024-02-28 15:48:00"
5431000,"2024-02-28 15:48:52"
5421000,"2024-02-28 15:49:45"
5411000,"2024-02-28 15:50:36"
5421000,"2024-02-28 15:51:29"
5411000,"2024-02-28 15:52:21"
5431000,"2024-02-28 15:53:14"
5441000,"2024-02-28 15:54:05"
5431000,"2024-02-28 15:54:57"
5441000,"2024-02-28 15:55:50"
5431000,"2024-02-28 15:56:41"
5471000,"2024-02-28 15:57:33"
5461000,"2024-02-28 15:58:25"
5481000,"2024-02-28 15:59:17"
5471000,"2024-02-28 16:00:07"
5461000,"2024-02-28 16:00:59"
5471000,"2024-02-28 16:01:52"
5461000,"2024-02-28 16:02:42"
5451000,"2024-02-28 16:03:33"
5471000,"2024-02-28 16:04:27"
5461000,"2024-02-28 16:05:17"
5471000,"2024-02-28 16:06:09"
5481000,"2024-02-28 16:07:01"
5501000,"2024-02-28 16:07:54"
5491000,"2024-02-28 16:08:46"
5481000,"2024-02-28 16:09:38"
5471000,"2024-02-28 16:10:30"
5461000,"2024-02-28 16:51:38"
5491000,"2024-02-28 16:52:31"
5481000,"2024-02-28 16:53:22"
5471000,"2024-02-28 16:54:13"
5481000,"2024-02-28 16:55:07"
5471000,"2024-02-28 16:55:59"
5491000,"2024-02-28 16:56:52"
5481000,"2024-02-28 16:57:45"
5471000,"2024-02-28 16:58:36"
5501000,"2024-02-28 16:59:27"
5511000,"2024-02-28 17:00:20"
5501000,"2024-02-28 17:01:12"
5511000,"2024-02-28 17:02:04"
5501000,"2024-02-28 17:02:57"
5491000,"2024-02-28 17:04:15"
5501000,"2024-02-28 17:05:08"
5491000,"2024-02-28 17:05:59"
5511000,"2024-02-28 17:08:35"
5521000,"2024-02-28 17:09:42"
5551000,"2024-02-28 17:11:24"
5554000,"2024-02-28 17:12:16"
5544000,"2024-02-28 17:13:07"
5534000,"2024-02-28 17:13:59"
5554000,"2024-02-28 17:14:51"
5544000,"2024-02-28 17:15:44"
5534000,"2024-02-28 17:16:36"
5524000,"2024-02-28 17:17:28"
5544000,"2024-02-28 17:18:20"
5554000,"2024-02-28 17:19:13"
5544000,"2024-02-28 17:20:03"
5554000,"2024-02-28 17:21:04"
5574000,"2024-02-28 17:21:55"
5564000,"2024-02-28 17:22:47"
5574000,"2024-02-28 17:23:40"
5584000,"2024-02-28 17:24:33"
5594000,"2024-02-28 17:25:24"
5624000,"2024-02-28 17:26:17"
5614000,"2024-02-28 17:27:07"
5644000,"2024-02-28 17:28:00"
5634000,"2024-02-28 17:28:51"
5624000,"2024-02-28 17:29:42"
5614000,"2024-02-28 17:30:34"
5604000,"2024-02-28 17:31:26"
5594000,"2024-02-28 17:32:18"
5584000,"2024-02-28 17:33:10"
5594000,"2024-02-28 17:34:03"
5584000,"2024-02-28 17:34:54"
5574000,"2024-02-28 17:35:45"
5564000,"2024-02-28 17:36:37"
5554000,"2024-02-28 17:37:26"
5574000,"2024-02-28 17:38:18"
5584000,"2024-02-28 17:39:09"
5604000,"2024-02-28 17:40:02"
5614000,"2024-02-28 17:40:55"
5604000,"2024-02-28 17:41:47"
5614000,"2024-02-28 17:42:40"
5624000,"2024-02-28 17:43:33"
5614000,"2024-02-28 17:44:24"
5634000,"2024-02-28 17:45:15"
5654000,"2024-02-28 17:46:07"
5674000,"2024-02-28 17:46:59"
5664000,"2024-02-28 17:47:50"
5715000,"2024-03-02 20:51:41"
5735000,"2024-03-02 20:52:34"
5725000,"2024-03-02 20:53:24"
5745000,"2024-03-02 20:54:17"
5785000,"2024-03-02 20:55:10"
5805000,"2024-03-02 20:56:02"
5795000,"2024-03-02 20:56:53"
5825000,"2024-03-02 20:57:46"
5815000,"2024-03-02 20:58:38"
5805000,"2024-03-02 20:59:29"
5815000,"2024-03-02 21:00:22"
5835000,"2024-03-02 21:01:14"
5825000,"2024-03-02 21:02:04"
5865000,"2024-03-02 21:02:56"
5855000,"2024-03-02 21:03:46"
5865000,"2024-03-02 21:04:38"
5855000,"2024-03-02 21:05:29"
5865000,"2024-03-02 21:06:22"
5885000,"2024-03-02 21:07:13"
5915000,"2024-03-02 21:08:05"
5935000,"2024-03-02 21:08:58"
5955000,"2024-03-02 21:09:48"
5945000,"2024-03-02 21:10:39"
5965000,"2024-03-02 21:11:32"
5955000,"2024-03-02 21:12:23"
5945000,"2024-03-02 21:13:15"
5935000,"2024-03-02 21:14:07"
5925000,"2024-03-02 21:14:56"
5915000,"2024-03-02 21:15:48"
5925000,"2024-03-02 21:16:41"
5915000,"2024-03-02 21:17:32"
5925000,"2024-03-02 21:18:23"
5915000,"2024-03-02 21:19:14"
5905000,"2024-03-02 21:20:04"
5915000,"2024-03-02 21:20:57"
5925000,"2024-03-02 21:21:47"
5915000,"2024-03-02 21:22:37"
5935000,"2024-03-02 21:23:30"
5955000,"2024-03-02 21:24:20"
5975000,"2024-03-02 21:25:09"
5965000,"2024-03-02 21:26:00"
5995000,"2024-03-02 21:26:51"
6045000,"2024-03-02 21:27:44"
6035000,"2024-03-02 21:28:33"
6065000,"2024-03-02 21:29:25"
6055000,"2024-03-02 21:30:16"
6045000,"2024-03-02 21:31:08"
6055000,"2024-03-02 21:32:01"
6045000,"2024-03-02 21:32:52"
6065000,"2024-03-02 21:33:43"
6095000,"2024-03-02 21:34:34"
6115000,"2024-03-02 21:35:25"
6135000,"2024-03-02 21:36:16"
6165000,"2024-03-02 21:37:07"
6175000,"2024-03-02 21:38:00"
6165000,"2024-03-02 21:38:51"
6175000,"2024-03-02 21:39:43"
6165000,"2024-03-02 21:40:34"
6155000,"2024-03-02 21:41:24"
6145000,"2024-03-02 21:42:15"
6165000,"2024-03-02 21:43:04"
6175000,"2024-03-02 21:43:53"
6185000,"2024-03-02 21:44:45"
6175000,"2024-03-02 21:45:37"
6165000,"2024-03-02 21:46:26"
6175000,"2024-03-02 21:47:18"
6205000,"2024-03-02 21:48:10"
6215000,"2024-03-02 21:49:02"
6225000,"2024-03-02 21:49:55"
6215000,"2024-03-02 21:50:47"
6235000,"2024-03-02 21:51:39"
6225000,"2024-03-02 21:52:29"
6215000,"2024-03-02 21:53:21"
6245000,"2024-03-02 21:54:12"
6255000,"2024-03-02 21:55:03"
6245000,"2024-03-02 21:55:54"
6235000,"2024-03-02 21:56:46"
6245000,"2024-03-02 21:57:38"
6235000,"2024-03-02 21:58:30"
6255000,"2024-03-02 21:59:21"
6275000,"2024-03-02 22:00:14"
6285000,"2024-03-02 22:01:07"
6305000,"2024-03-02 22:01:59"
6295000,"2024-03-02 22:02:51"
6285000,"2024-03-02 22:03:42"
6295000,"2024-03-02 22:04:35"
6285000,"2024-03-02 22:05:27"
6305000,"2024-03-02 22:06:18"
6295000,"2024-03-02 22:07:10"
6285000,"2024-03-02 22:08:01"
6305000,"2024-03-02 22:08:53"
6295000,"2024-03-02 22:09:44"
6325000,"2024-03-02 22:10:37"
6345000,"2024-03-02 22:11:26"
6355000,"2024-03-02 22:12:19"
6375000,"2024-03-02 22:13:12"
6385000,"2024-03-02 22:14:02"
6375000,"2024-03-02 22:14:52"
6395000,"2024-03-02 22:15:44"
6415000,"2024-03-02 22:16:36"
6435000,"2024-03-02 22:17:29"
6425000,"2024-03-02 22:18:20"
6415000,"2024-03-02 22:19:12"
6405000,"2024-03-02 22:20:03"
6415000,"2024-03-02 22:20:55"
6425000,"2024-03-02 22:21:48"
6415000,"2024-03-02 22:22:40"
6405000,"2024-03-02 22:23:31"
6415000,"2024-03-02 22:24:23"
6405000,"2024-03-02 22:25:14"
6435000,"2024-03-02 22:26:07"
6445000,"2024-03-02 22:26:59"
6435000,"2024-03-02 22:27:50"
6425000,"2024-03-02 22:28:40"
6415000,"2024-03-02 22:29:31"
6405000,"2024-03-02 22:30:23"
6425000,"2024-03-02 22:31:14"
6435000,"2024-03-02 22:32:06"
6445000,"2024-03-02 22:32:58"
6435000,"2024-03-02 22:33:50"
6425000,"2024-03-02 22:34:39"
6435000,"2024-03-02 22:35:32"
6445000,"2024-03-02 22:36:22"
6475000,"2024-03-02 22:37:15"
6495000,"2024-03-02 22:38:07"
6505000,"2024-03-02 22:38:58"
6525000,"2024-03-02 22:39:51"
6515000,"2024-03-02 22:40:41"
6505000,"2024-03-02 22:41:32"
6515000,"2024-03-02 22:42:24"
6535000,"2024-03-02 22:43:18"
6525000,"2024-03-02 22:44:10"
6515000,"2024-03-02 22:44:59"
6505000,"2024-03-02 22:45:48"
6495000,"2024-03-02 22:46:40"
6485000,"2024-03-02 22:47:30"
6495000,"2024-03-02 22:48:22"
6505000,"2024-03-02 22:49:15"
6495000,"2024-03-02 22:50:05"
6485000,"2024-03-02 22:50:57"
6475000,"2024-03-02 22:51:49"
6485000,"2024-03-02 22:52:42"
6525000,"2024-03-02 22:53:33"
6535000,"2024-03-02 22:54:26"
6545000,"2024-03-02 22:55:18"
6535000,"2024-03-02 22:56:09"
6565000,"2024-03-02 22:57:02"
6575000,"2024-03-02 22:57:55"
6605000,"2024-03-02 22:58:48"
6595000,"2024-03-02 22:59:39"
6645000,"2024-03-02 23:00:32"
6655000,"2024-03-02 23:01:25"
6645000,"2024-03-02 23:02:17"
6695000,"2024-03-03 12:26:35"
6705000,"2024-03-03 12:27:26"
6715000,"2024-03-03 12:28:17"
6705000,"2024-03-03 12:29:07"
6725000,"2024-03-03 12:29:59"
6715000,"2024-03-03 12:30:50"
6705000,"2024-03-03 12:31:42"
6715000,"2024-03-03 12:32:34"
6745000,"2024-03-03 12:33:24"
6755000,"2024-03-03 12:34:16"
6785000,"2024-03-03 12:35:09"
6795000,"2024-03-03 12:36:02"
6785000,"2024-03-03 12:36:53"
6815000,"2024-03-03 12:37:46"
6805000,"2024-03-03 12:38:38"
6795000,"2024-03-03 12:39:27"
6805000,"2024-03-03 12:40:18"
6815000,"2024-03-03 12:41:11"
6805000,"2024-03-03 12:42:03"
6825000,"2024-03-03 12:42:55"
6815000,"2024-03-03 12:43:46"
6825000,"2024-03-03 12:44:39"
6845000,"2024-03-03 12:45:30"
6835000,"2024-03-03 12:46:22"
6855000,"2024-03-03 12:47:15"
6845000,"2024-03-03 12:48:07"
6835000,"2024-03-03 12:48:59"
6825000,"2024-03-03 12:49:51"
6815000,"2024-03-03 12:50:42"
6805000,"2024-03-03 12:51:33"
6825000,"2024-03-03 12:52:24"
6845000,"2024-03-03 12:53:15"
6835000,"2024-03-03 12:54:06"
6825000,"2024-03-03 12:54:55"
6835000,"2024-03-03 12:55:47"
6825000,"2024-03-03 12:56:39"
6815000,"2024-03-03 12:57:29"
6805000,"2024-03-03 12:58:20"
6815000,"2024-03-03 12:59:12"
6825000,"2024-03-03 13:00:05"
6865000,"2024-03-03 13:00:58"
6895000,"2024-03-03 13:01:49"
6905000,"2024-03-03 13:02:41"
6895000,"2024-03-03 13:03:33"
6905000,"2024-03-03 13:04:25"
6915000,"2024-03-03 13:05:17"
6905000,"2024-03-03 13:06:09"
6895000,"2024-03-03 13:06:59"
6885000,"2024-03-03 13:07:51"
6875000,"2024-03-03 13:08:39"
6865000,"2024-03-03 13:09:31"
6875000,"2024-03-03 13:10:24"
6895000,"2024-03-03 13:11:16"
6905000,"2024-03-03 13:12:08"
6925000,"2024-03-03 13:13:01"
6965000,"2024-03-03 13:13:54"
6975000,"2024-03-03 13:14:44"
6965000,"2024-03-03 13:15:34"
6955000,"2024-03-03 13:16:26"
6945000,"2024-03-03 13:17:17"
6955000,"2024-03-03 13:18:09"
6945000,"2024-03-03 13:19:01"
6935000,"2024-03-03 13:19:51"
6955000,"2024-03-03 13:20:42"
6975000,"2024-03-03 13:21:35"
6985000,"2024-03-03 13:22:27"
7015000,"2024-03-03 13:23:20"
7005000,"2024-03-03 13:24:11"
7025000,"2024-03-03 13:25:04"
7045000,"2024-03-03 13:25:57"
7035000,"2024-03-03 13:26:48"
7045000,"2024-03-03 13:27:39"
7035000,"2024-03-03 13:28:31"
7025000,"2024-03-03 13:29:23"
7035000,"2024-03-03 13:30:16"
7025000,"2024-03-03 13:31:08"
7015000,"2024-03-03 13:32:01"
7015000,"2024-03-03 13:34:24"
7025000,"2024-03-03 13:35:17"
7015000,"2024-03-03 13:36:07"
7025000,"2024-03-03 13:36:59"
7065000,"2024-03-03 13:37:51"
7075000,"2024-03-03 13:38:44"
7095000,"2024-03-03 13:39:37"
7115000,"2024-03-03 13:40:30"
7105000,"2024-03-03 13:41:22"
7095000,"2024-03-03 13:42:13"
7085000,"2024-03-03 13:43:04"
7075000,"2024-03-03 13:43:55"
7065000,"2024-03-03 13:44:47"
7095000,"2024-03-03 13:45:39"
7105000,"2024-03-03 13:46:32"
7095000,"2024-03-03 13:47:24"
7085000,"2024-03-03 13:48:15"
7075000,"2024-03-03 13:49:07"
7065000,"2024-03-03 13:49:59"
7055000,"2024-03-03 13:50:50"
7045000,"2024-03-03 13:51:41"
7035000,"2024-03-03 13:52:33"
7025000,"2024-03-03 13:53:21"
7015000,"2024-03-03 13:54:09"
7005000,"2024-03-03 13:55:01"
7015000,"2024-03-03 13:55:54"
7035000,"2024-03-03 13:56:46"
7025000,"2024-03-03 13:57:38"
7035000,"2024-03-03 13:58:29"
7065000,"2024-03-03 13:59:22"
7055000,"2024-03-03 14:00:12"
7106000,"2024-03-05 16:45:09"
7126000,"2024-03-05 16:46:00"
7136000,"2024-03-05 16:46:51"
7146000,"2024-03-05 16:47:43"
7136000,"2024-03-05 16:48:35"
7146000,"2024-03-05 16:49:27"
7166000,"2024-03-05 16:50:19"
7156000,"2024-03-05 16:51:10"
7176000,"2024-03-05 16:52:02"
7166000,"2024-03-05 16:52:53"
7176000,"2024-03-05 16:53:44"
7166000,"2024-03-05 16:54:35"
7196000,"2024-03-05 16:55:28"
7186000,"2024-03-05 16:56:19"
7196000,"2024-03-05 16:57:12"
7186000,"2024-03-05 16:58:03"
7176000,"2024-03-05 16:58:55"
7166000,"2024-03-05 16:59:47"
7176000,"2024-03-05 17:00:37"
7186000,"2024-03-05 17:01:30"
7216000,"2024-03-05 17:02:22"
7226000,"2024-03-05 17:03:13"
7236000,"2024-03-05 17:04:05"
7256000,"2024-03-05 17:04:57"
7266000,"2024-03-05 17:05:49"
7286000,"2024-03-05 17:06:41"
7306000,"2024-03-05 17:07:33"
7296000,"2024-03-05 17:08:24"
7316000,"2024-03-05 17:09:17"
7306000,"2024-03-05 17:10:08"
7296000,"2024-03-05 17:11:00"
7336000,"2024-03-05 17:11:52"
7346000,"2024-03-05 17:12:42"
7336000,"2024-03-05 17:13:32"
7326000,"2024-03-05 17:14:21"
7316000,"2024-03-05 17:15:11"
7326000,"2024-03-05 17:16:04"
7346000,"2024-03-05 17:16:57"
7356000,"2024-03-05 17:17:50"
7346000,"2024-03-05 17:18:41"
7336000,"2024-03-05 17:19:31"
7356000,"2024-03-05 17:20:23"
7346000,"2024-03-05 17:21:15"
7336000,"2024-03-05 17:22:06"
7326000,"2024-03-05 17:22:58"
7336000,"2024-03-05 17:23:51"
7326000,"2024-03-05 17:24:42"
7316000,"2024-03-05 17:25:34"
7306000,"2024-03-05 17:26:25"
7296000,"2024-03-05 17:27:17"
7306000,"2024-03-05 17:28:10"
7316000,"2024-03-05 17:29:02"
7306000,"2024-03-05 17:29:54"
7336000,"2024-03-05 17:30:46"
7326000,"2024-03-05 17:31:36"
7336000,"2024-03-05 17:32:29"
7346000,"2024-03-05 17:33:22"
7376000,"2024-03-05 17:34:14"
7366000,"2024-03-05 17:35:03"
7356000,"2024-03-05 17:35:55"
7386000,"2024-03-05 17:36:44"
7376000,"2024-03-05 17:37:36"
7406000,"2024-03-05 17:38:28"
7426000,"2024-03-05 17:39:20"
7436000,"2024-03-05 17:40:12"
7446000,"2024-03-05 17:41:03"
7456000,"2024-03-05 17:41:55"
7446000,"2024-03-05 17:42:47"
7466000,"2024-03-05 17:43:39"
7456000,"2024-03-05 17:44:30"
7496000,"2024-03-05 17:45:22"
7506000,"2024-03-05 17:46:14"
7496000,"2024-03-05 17:47:05"
7506000,"2024-03-05 17:47:55"
7496000,"2024-03-05 17:48:46"
7526000,"2024-03-05 17:49:39"
7516000,"2024-03-05 17:50:31"
7506000,"2024-03-05 17:51:21"
7536000,"2024-03-05 17:52:13"
7546000,"2024-03-05 17:53:04"
7536000,"2024-03-05 17:53:55"
7526000,"2024-03-05 17:54:47"
7516000,"2024-03-05 17:55:39"
7526000,"2024-03-05 17:56:30"
7516000,"2024-03-05 17:57:22"
7506000,"2024-03-05 17:58:12"
7496000,"2024-03-05 17:59:04"
7546000,"2024-03-05 17:59:53"
7536000,"2024-03-05 18:00:43"
7576000,"2024-03-05 18:01:35"
7566000,"2024-03-05 18:02:27"
7556000,"2024-03-05 18:03:19"
7546000,"2024-03-05 18:04:10"
7536000,"2024-03-05 18:05:01"
7556000,"2024-03-05 18:05:53"
7566000,"2024-03-05 18:06:47"
7596000,"2024-03-05 18:07:38"
7706000,"2024-03-06 18:00:26"
7696000,"2024-03-06 18:01:18"
7686000,"2024-03-06 18:02:09"
7676000,"2024-03-06 18:02:59"
7666000,"2024-03-06 18:03:50"
7656000,"2024-03-06 18:04:39"
7646000,"2024-03-06 18:05:30"
7666000,"2024-03-06 18:06:21"
7656000,"2024-03-06 18:07:13"
7676000,"2024-03-06 18:08:06"
7686000,"2024-03-06 18:08:59"
7726000,"2024-03-06 18:09:51"
7736000,"2024-03-06 18:10:44"
7776000,"2024-03-06 18:11:36"
7786000,"2024-03-06 18:12:27"
7826000,"2024-03-06 18:13:19"
7836000,"2024-03-06 18:14:11"
7846000,"2024-03-06 18:15:03"
7836000,"2024-03-06 18:15:53"
7856000,"2024-03-06 18:16:46"
7866000,"2024-03-06 18:17:38"
7876000,"2024-03-06 18:18:30"
7866000,"2024-03-06 18:19:21"
7856000,"2024-03-06 18:20:10"
7846000,"2024-03-06 18:20:59"
7836000,"2024-03-06 18:21:51"
7876000,"2024-03-06 18:22:43"
7926000,"2024-03-06 18:23:35"
7916000,"2024-03-06 18:24:27"
7926000,"2024-03-06 18:25:18"
7936000,"2024-03-06 18:26:11"
7926000,"2024-03-06 18:27:01"
7916000,"2024-03-06 18:27:53"
7926000,"2024-03-06 18:28:45"
7936000,"2024-03-06 18:29:37"
7926000,"2024-03-06 18:30:29"
7916000,"2024-03-06 18:31:20"
7906000,"2024-03-06 18:32:11"
7916000,"2024-03-06 18:33:04"
7966000,"2024-03-06 18:33:56"
7956000,"2024-03-06 18:34:44"
7946000,"2024-03-06 18:35:36"
7986000,"2024-03-06 18:36:27"
7976000,"2024-03-06 18:37:18"
7966000,"2024-03-06 18:38:09"
7986000,"2024-03-06 18:39:01"
8016000,"2024-03-06 18:39:54"
8026000,"2024-03-06 18:40:47"
8016000,"2024-03-06 18:41:39"
8006000,"2024-03-06 18:42:27"
7996000,"2024-03-06 18:43:19"
8006000,"2024-03-06 18:44:11"
7996000,"2024-03-06 18:45:02"
8006000,"2024-03-06 18:45:54"
8036000,"2024-03-06 18:46:47"
8046000,"2024-03-06 18:47:39"
8036000,"2024-03-06 18:48:31"
8026000,"2024-03-06 18:49:23"
8016000,"2024-03-06 18:50:14"
8006000,"2024-03-06 18:51:03"
7996000,"2024-03-06 18:51:55"
8006000,"2024-03-06 18:52:47"
7996000,"2024-03-06 18:53:38"
8016000,"2024-03-06 18:54:31"
8006000,"2024-03-06 18:55:22"
7996000,"2024-03-06 18:56:13"
7986000,"2024-03-06 18:57:04"
7976000,"2024-03-06 18:57:56"
7986000,"2024-03-06 18:58:48"
7976000,"2024-03-06 18:59:38"
8006000,"2024-03-06 19:00:31"
7996000,"2024-03-06 19:01:22"
8006000,"2024-03-06 19:02:14"
7996000,"2024-03-06 19:03:05"
7986000,"2024-03-06 19:03:54"
8016000,"2024-03-06 19:04:46"
8006000,"2024-03-06 19:05:36"
7996000,"2024-03-06 19:06:27"
7986000,"2024-03-06 19:07:17"
8026000,"2024-03-06 19:08:08"
8036000,"2024-03-06 19:08:59"
8026000,"2024-03-06 19:09:50"
8016000,"2024-03-06 19:10:42"
8006000,"2024-03-06 19:11:31"
7996000,"2024-03-06 19:12:22"
7986000,"2024-03-06 19:13:13"
7976000,"2024-03-06 19:14:05"
7966000,"2024-03-06 19:14:57"
7986000,"2024-03-06 19:15:47"
7976000,"2024-03-06 19:16:39"
7986000,"2024-03-06 19:17:27"
7976000,"2024-03-06 19:18:19"
7966000,"2024-03-06 19:19:10"
7956000,"2024-03-06 19:20:01"
7946000,"2024-03-06 19:20:51"
7966000,"2024-03-06 19:21:44"
7956000,"2024-03-06 19:22:35"
7996000,"2024-03-06 19:23:28"
8036000,"2024-03-06 19:24:19"
8076000,"2024-03-06 19:25:12"
8106000,"2024-03-06 19:26:05"
8126000,"2024-03-06 19:26:56"
8146000,"2024-03-06 19:27:48"
8136000,"2024-03-06 19:28:39"
8126000,"2024-03-06 19:29:31"
8146000,"2024-03-06 19:30:23"
8166000,"2024-03-06 19:31:16"
8156000,"2024-03-06 19:32:07"
8146000,"2024-03-06 19:32:56"
8136000,"2024-03-06 19:33:47"
8156000,"2024-03-06 19:34:39"
8176000,"2024-03-06 19:35:31"
8166000,"2024-03-06 19:36:21"
8186000,"2024-03-06 19:37:13"
8176000,"2024-03-06 19:38:04"
8206000,"2024-03-06 19:38:56"
8246000,"2024-03-06 19:39:49"
8236000,"2024-03-06 19:40:40"
8246000,"2024-03-06 19:41:32"
8236000,"2024-03-06 19:42:22"
8226000,"2024-03-06 19:43:10"
8236000,"2024-03-06 19:44:02"
8226000,"2024-03-06 19:44:54"
8236000,"2024-03-06 19:45:46"
8226000,"2024-03-06 19:46:37"
8276000,"2024-03-06 19:47:30"
8327000,"2024-03-07 17:01:21"
8317000,"2024-03-07 17:02:13"
8327000,"2024-03-07 17:03:05"
8317000,"2024-03-07 17:03:57"
8337000,"2024-03-07 17:04:50"
8327000,"2024-03-07 17:05:41"
8317000,"2024-03-07 17:06:31"
8347000,"2024-03-07 17:07:24"
8367000,"2024-03-07 17:08:16"
8357000,"2024-03-07 17:09:07"
8367000,"2024-03-07 17:10:00"
8377000,"2024-03-07 17:10:50"
8387000,"2024-03-07 17:11:41"
8377000,"2024-03-07 17:12:33"
8397000,"2024-03-07 17:13:26"
8387000,"2024-03-07 17:14:17"
8407000,"2024-03-07 17:15:09"
8427000,"2024-03-07 17:15:59"
8417000,"2024-03-07 17:16:50"
8437000,"2024-03-07 17:17:43"
8427000,"2024-03-07 17:18:33"
8447000,"2024-03-07 17:19:24"
8437000,"2024-03-07 17:20:17"
8427000,"2024-03-07 17:21:07"
8417000,"2024-03-07 17:21:56"
8407000,"2024-03-07 17:22:48"
8397000,"2024-03-07 17:23:40"
8387000,"2024-03-07 17:24:31"
8377000,"2024-03-07 17:25:22"
8397000,"2024-03-07 17:26:14"
8387000,"2024-03-07 17:27:04"
8397000,"2024-03-07 17:27:55"
8387000,"2024-03-07 17:28:46"
8377000,"2024-03-07 17:29:38"
8367000,"2024-03-07 17:30:30"
8387000,"2024-03-07 17:31:21"
8407000,"2024-03-07 17:32:14"
8417000,"2024-03-07 17:33:07"
8407000,"2024-03-07 17:33:58"
8427000,"2024-03-07 17:34:50"
8437000,"2024-03-07 17:35:42"
8457000,"2024-03-07 17:36:34"
8477000,"2024-03-07 17:37:26"
8467000,"2024-03-07 17:38:18"
8457000,"2024-03-07 17:39:09"
8447000,"2024-03-07 17:39:59"
8457000,"2024-03-07 17:40:52"
8477000,"2024-03-07 17:41:44"
8517000,"2024-03-07 17:42:35"
8507000,"2024-03-07 17:43:25"
8497000,"2024-03-07 17:44:14"
8487000,"2024-03-07 17:45:05"
8477000,"2024-03-07 17:45:57"
8467000,"2024-03-07 17:46:48"
8457000,"2024-03-07 17:47:38"
8487000,"2024-03-07 17:48:31"
8517000,"2024-03-07 17:49:23"
8527000,"2024-03-07 17:50:15"
8547000,"2024-03-07 17:51:08"
8567000,"2024-03-07 17:52:01"
8557000,"2024-03-07 17:52:53"
8567000,"2024-03-07 17:53:45"
8607000,"2024-03-07 17:54:38"
8597000,"2024-03-07 17:55:30"
8637000,"2024-03-07 17:56:22"
8627000,"2024-03-07 17:57:13"
8617000,"2024-03-07 17:58:05"
8637000,"2024-03-07 17:58:58"
8627000,"2024-03-07 17:59:50"
8677000,"2024-03-07 18:00:42"
8697000,"2024-03-07 18:01:35"
8707000,"2024-03-07 18:02:26"
8697000,"2024-03-07 18:03:15"
8687000,"2024-03-07 18:04:05"
8677000,"2024-03-07 18:04:56"
8707000,"2024-03-07 18:05:48"
8697000,"2024-03-07 18:06:40"
8717000,"2024-03-07 18:07:32"
8737000,"2024-03-07 18:08:25"
8747000,"2024-03-07 18:09:16"
8757000,"2024-03-07 18:10:08"
8767000,"2024-03-07 18:11:00"
8757000,"2024-03-07 18:11:50"
8747000,"2024-03-07 18:12:40"
8737000,"2024-03-07 18:13:31"
8747000,"2024-03-07 18:14:23"
8737000,"2024-03-07 18:15:15"
8727000,"2024-03-07 18:16:06"
8757000,"2024-03-07 18:16:59"
8777000,"2024-03-07 18:17:47"
8767000,"2024-03-07 18:18:36"
8757000,"2024-03-07 18:19:28"
8747000,"2024-03-07 18:20:19"
8777000,"2024-03-07 18:21:10"
8787000,"2024-03-07 18:22:00"
8807000,"2024-03-07 18:22:51"
8827000,"2024-03-07 18:23:43"
8847000,"2024-03-07 18:24:35"
8857000,"2024-03-07 18:25:26"
8847000,"2024-03-07 18:26:17"
8867000,"2024-03-07 18:27:10"
8877000,"2024-03-07 18:28:01"
8887000,"2024-03-07 18:28:53"
8877000,"2024-03-07 18:29:42"
8867000,"2024-03-07 18:30:34"
8877000,"2024-03-07 18:31:24"
8897000,"2024-03-07 18:32:16"
8937000,"2024-03-07 18:33:09"
8957000,"2024-03-07 18:34:01"
8967000,"2024-03-07 18:34:54"
8977000,"2024-03-07 18:35:46"
8967000,"2024-03-07 18:36:38"
8987000,"2024-03-07 18:37:28"
8977000,"2024-03-07 18:38:19"
8987000,"2024-03-07 18:39:12"
8997000,"2024-03-07 18:40:04"
8987000,"2024-03-07 18:40:55"
8977000,"2024-03-07 18:41:47"
8967000,"2024-03-07 18:42:54"
8977000,"2024-03-07 18:43:47"
8987000,"2024-03-07 18:44:39"
8977000,"2024-03-07 18:45:30"
8987000,"2024-03-07 18:46:22"
9007000,"2024-03-07 18:47:25"
9017000,"2024-03-07 18:48:17"
9007000,"2024-03-07 18:49:07"
8997000,"2024-03-07 18:49:57"
8987000,"2024-03-07 18:50:48"
8997000,"2024-03-07 18:51:40"
8987000,"2024-03-07 18:52:32"
8977000,"2024-03-07 18:53:23"
9007000,"2024-03-07 18:54:15"
8997000,"2024-03-07 18:55:06"
9007000,"2024-03-07 18:55:56"
8997000,"2024-03-07 18:56:47"
9027000,"2024-03-07 18:57:39"
9017000,"2024-03-07 18:58:29"
9027000,"2024-03-07 18:59:22"
9057000,"2024-03-07 19:00:13"
9077000,"2024-03-07 19:01:05"
9067000,"2024-03-07 19:01:56"
9087000,"2024-03-07 19:02:48"
9077000,"2024-03-07 19:03:37"
9087000,"2024-03-07 19:04:28"
9077000,"2024-03-07 19:05:17"
9107000,"2024-03-07 19:06:09"
9097000,"2024-03-07 19:06:59"
9087000,"2024-03-07 19:07:50"
9077000,"2024-03-07 19:08:41"
9067000,"2024-03-07 19:09:32"
9097000,"2024-03-07 19:10:25"
9087000,"2024-03-07 19:11:15"
9077000,"2024-03-07 19:12:06"
9087000,"2024-03-07 19:12:59"
9117000,"2024-03-07 19:13:50"
9107000,"2024-03-07 19:14:40"
9127000,"2024-03-07 19:15:33"
9147000,"2024-03-07 19:16:25"
9137000,"2024-03-07 19:17:16"
9157000,"2024-03-07 19:18:08"
9167000,"2024-03-07 19:18:59"
9187000,"2024-03-07 19:19:51"
9197000,"2024-03-07 19:20:43"
9187000,"2024-03-07 19:21:35"
9177000,"2024-03-07 19:22:25"
9217000,"2024-03-07 19:23:17"
9207000,"2024-03-07 19:24:08"
9197000,"2024-03-07 19:25:00"
9187000,"2024-03-07 19:25:50"
9227000,"2024-03-07 19:26:42"
9267000,"2024-03-07 19:27:34"
9257000,"2024-03-07 19:28:26"
9277000,"2024-03-07 19:29:17"
9287000,"2024-03-07 19:30:09"
9297000,"2024-03-07 19:31:02"
9347000,"2024-03-07 19:31:53"
9348000,"2024-03-08 17:33:35"
9358000,"2024-03-08 17:34:27"
9348000,"2024-03-08 17:35:18"
9358000,"2024-03-08 17:36:11"
9348000,"2024-03-08 17:37:02"
9338000,"2024-03-08 17:37:52"
9328000,"2024-03-08 17:38:43"
9318000,"2024-03-08 17:39:34"
9338000,"2024-03-08 17:40:26"
9358000,"2024-03-08 17:41:18"
9348000,"2024-03-08 17:42:08"
9368000,"2024-03-08 17:43:01"
9378000,"2024-03-08 17:43:53"
9388000,"2024-03-08 17:44:46"
9378000,"2024-03-08 17:45:37"
9368000,"2024-03-08 17:46:27"
9358000,"2024-03-08 17:47:19"
9348000,"2024-03-08 17:48:10"
9338000,"2024-03-08 17:49:02"
9358000,"2024-03-08 17:49:55"
9378000,"2024-03-08 17:50:48"
9368000,"2024-03-08 17:51:38"
9378000,"2024-03-08 17:52:31"
9388000,"2024-03-08 17:53:21"
9428000,"2024-03-08 17:54:14"
9418000,"2024-03-08 17:55:04"
9428000,"2024-03-08 17:55:57"
9458000,"2024-03-08 17:56:50"
9448000,"2024-03-08 17:57:41"
9438000,"2024-03-08 17:58:33"
9458000,"2024-03-08 17:59:26"
9468000,"2024-03-08 18:00:17"
9488000,"2024-03-08 18:01:09"
9538000,"2024-03-08 18:02:00"
9558000,"2024-03-08 18:02:53"
9548000,"2024-03-08 18:03:45"
9558000,"2024-03-08 18:04:37"
9548000,"2024-03-08 18:05:27"
9538000,"2024-03-08 18:06:17"
9528000,"2024-03-08 18:07:09"
9538000,"2024-03-08 18:08:01"
9568000,"2024-03-08 18:08:50"
9558000,"2024-03-08 18:09:41"
9608000,"2024-03-08 18:10:32"
9648000,"2024-03-08 18:11:24"
9668000,"2024-03-08 18:12:15"
9658000,"2024-03-08 18:13:06"
9668000,"2024-03-08 18:13:56"
9658000,"2024-03-08 18:14:48"
9668000,"2024-03-08 18:15:40"
9658000,"2024-03-08 18:16:31"
9648000,"2024-03-08 18:17:21"
9678000,"2024-03-08 18:18:14"
9688000,"2024-03-08 18:19:03"
9678000,"2024-03-08 18:19:54"
9698000,"2024-03-08 18:20:45"
9688000,"2024-03-08 18:21:36"
9698000,"2024-03-08 18:22:28"
9728000,"2024-03-08 18:23:19"
9748000,"2024-03-08 18:24:12"
9738000,"2024-03-08 18:25:03"
9728000,"2024-03-08 18:25:51"
9718000,"2024-03-08 18:26:42"
9708000,"2024-03-08 18:27:33"
9698000,"2024-03-08 18:28:25"
9708000,"2024-03-08 18:29:18"
9698000,"2024-03-08 18:30:10"
9728000,"2024-03-08 18:31:00"
9718000,"2024-03-08 18:31:50"
9708000,"2024-03-08 18:32:37"
9718000,"2024-03-08 18:33:27"
9738000,"2024-03-08 18:34:18"
9728000,"2024-03-08 18:35:09"
9718000,"2024-03-08 18:36:00"
9748000,"2024-03-08 18:36:52"
9758000,"2024-03-08 18:37:45"
9748000,"2024-03-08 18:38:35"
9788000,"2024-03-08 18:39:27"
9778000,"2024-03-08 18:40:16"
9768000,"2024-03-08 18:41:07"
9758000,"2024-03-08 18:41:57"
9748000,"2024-03-08 18:42:49"
9738000,"2024-03-08 18:43:39"
9748000,"2024-03-08 18:44:33"
9758000,"2024-03-08 18:45:25"
9778000,"2024-03-08 18:46:17"
9768000,"2024-03-08 18:47:07"
9758000,"2024-03-08 18:47:59"
9768000,"2024-03-08 18:48:51"
9798000,"2024-03-08 18:49:44"
9788000,"2024-03-08 18:50:36"
9778000,"2024-03-08 18:51:27"
9808000,"2024-03-08 18:52:18"
9798000,"2024-03-08 18:53:08"
9788000,"2024-03-08 18:53:56"
9808000,"2024-03-08 18:54:48"
9798000,"2024-03-08 18:55:40"
9818000,"2024-03-08 18:56:32"
9808000,"2024-03-08 18:57:23"
9828000,"2024-03-08 18:58:15"
9838000,"2024-03-08 18:59:08"
9828000,"2024-03-08 18:59:58"
9818000,"2024-03-08 19:00:49"
9828000,"2024-03-08 19:01:39"
9818000,"2024-03-08 19:02:27"
9838000,"2024-03-08 19:03:18"
9858000,"2024-03-08 19:04:11"
9898000,"2024-03-08 19:05:03"
9888000,"2024-03-08 19:05:52"
9898000,"2024-03-08 19:06:45"
9928000,"2024-03-08 19:07:36"
9918000,"2024-03-08 19:08:28"
9908000,"2024-03-08 19:09:18"
9918000,"2024-03-08 19:10:10"
9928000,"2024-03-08 19:11:02"
9918000,"2024-03-08 19:11:53"
9928000,"2024-03-08 19:12:45"
9938000,"2024-03-08 19:13:37"
9948000,"2024-03-08 19:14:30"
9968000,"2024-03-08 19:15:22"
9978000,"2024-03-08 19:16:14"
9968000,"2024-03-08 19:17:05"
9958000,"2024-03-08 19:17:52"
9948000,"2024-03-08 19:18:44"
9938000,"2024-03-08 19:19:35"
9928000,"2024-03-08 19:20:25"
9938000,"2024-03-08 19:21:18"
9928000,"2024-03-08 19:22:10"
9948000,"2024-03-08 19:23:02"
9958000,"2024-03-08 19:23:55"
9948000,"2024-03-08 19:24:46"
9938000,"2024-03-08 19:25:36"
9928000,"2024-03-08 19:26:27"
9938000,"2024-03-08 19:27:17"
9928000,"2024-03-08 19:28:09"
9968000,"2024-03-08 19:28:59"
9998000,"2024-03-08 19:29:52"
10018000,"2024-03-08 19:30:42"
10028000,"2024-03-08 19:31:32"
10048000,"2024-03-08 19:32:24"
10038000,"2024-03-08 19:33:15"
10048000,"2024-03-08 19:34:07"
10038000,"2024-03-08 19:34:59"
10028000,"2024-03-08 19:35:51"
10048000,"2024-03-08 19:36:43"
10078000,"2024-03-08 19:37:36"
10088000,"2024-03-08 19:38:29"
10078000,"2024-03-08 19:39:20"
10068000,"2024-03-08 19:40:11"
10058000,"2024-03-08 19:41:01"
10078000,"2024-03-08 19:41:53"
10068000,"2024-03-08 19:42:43"
10078000,"2024-03-08 19:43:36"
10088000,"2024-03-08 19:44:29"
10078000,"2024-03-08 19:45:21"
10068000,"2024-03-08 19:46:13"
10088000,"2024-03-08 19:47:05"
10078000,"2024-03-08 19:47:57"
10108000,"2024-03-08 19:48:46"
10118000,"2024-03-08 19:49:36"
10108000,"2024-03-08 19:50:26"
10118000,"2024-03-08 19:51:18"
10108000,"2024-03-08 19:52:10"
10118000,"2024-03-08 19:53:01"
10128000,"2024-03-08 19:53:52"
10118000,"2024-03-08 19:54:41"
10128000,"2024-03-08 19:55:34"
10148000,"2024-03-08 19:56:27"
10158000,"2024-03-08 19:57:19"
10148000,"2024-03-08 19:58:10"
10138000,"2024-03-08 19:59:00"
10168000,"2024-03-08 19:59:52"
10178000,"2024-03-08 20:00:44"
10208000,"2024-03-08 20:01:37"
10218000,"2024-03-08 20:02:29"
10258000,"2024-03-08 20:03:21"
10248000,"2024-03-08 20:04:12"
10238000,"2024-03-08 20:05:04"
10228000,"2024-03-08 20:05:53"
10218000,"2024-03-08 20:06:44"
10208000,"2024-03-08 20:07:34"
10218000,"2024-03-08 20:08:27"
10228000,"2024-03-08 20:09:18"
10238000,"2024-03-08 20:10:09"
10228000,"2024-03-08 20:11:00"
10218000,"2024-03-08 20:11:51"
10208000,"2024-03-08 20:12:43"
10238000,"2024-03-08 20:13:36"
10228000,"2024-03-08 20:14:26"
10218000,"2024-03-08 20:15:17"
10208000,"2024-03-08 20:16:08"
10218000,"2024-03-08 20:17:00"
10208000,"2024-03-08 20:17:51"
10228000,"2024-03-08 20:18:43"
10218000,"2024-03-08 20:19:35"
10238000,"2024-03-08 20:20:25"
10258000,"2024-03-08 20:21:17"
10248000,"2024-03-08 20:22:08"
10238000,"2024-03-08 20:22:59"
10228000,"2024-03-08 20:23:51"
10248000,"2024-03-08 20:24:39"
10238000,"2024-03-08 20:25:31"
10228000,"2024-03-08 20:26:27"
10218000,"2024-03-08 20:27:18"
10208000,"2024-03-08 20:28:10"
10218000,"2024-03-08 20:29:02"
10228000,"2024-03-08 20:29:54"
10238000,"2024-03-08 20:30:46"
10228000,"2024-03-08 20:31:38"
10238000,"2024-03-08 20:32:31"
10258000,"2024-03-08 20:33:24"
10248000,"2024-03-08 20:34:15"
10238000,"2024-03-08 20:35:07"
10258000,"2024-03-08 20:35:59"
10248000,"2024-03-08 20:36:57"
10268000,"2024-03-08 20:37:49"
10258000,"2024-03-08 20:38:41"
10248000,"2024-03-08 20:39:32"
10268000,"2024-03-08 20:40:25"
10288000,"2024-03-08 20:41:17"
10308000,"2024-03-08 20:42:09"
10328000,"2024-03-08 20:43:00"
10338000,"2024-03-08 20:43:51"
10328000,"2024-03-08 20:44:42"
10318000,"2024-03-08 20:45:31"
10308000,"2024-03-08 20:46:23"
10318000,"2024-03-08 20:47:14"
10308000,"2024-03-08 20:48:03"
10348000,"2024-03-08 20:48:53"
10358000,"2024-03-08 20:49:44"
10378000,"2024-03-08 20:50:36"
10368000,"2024-03-08 20:51:27"
10418000,"2024-03-08 20:52:18"
10408000,"2024-03-08 20:53:10"
10398000,"2024-03-08 20:54:02"
10408000,"2024-03-08 20:54:54"
10438000,"2024-03-08 20:55:46"
10428000,"2024-03-08 20:56:37"
10418000,"2024-03-08 20:57:29"
10408000,"2024-03-08 20:58:20"
10398000,"2024-03-08 20:59:11"
10388000,"2024-03-08 21:00:01"
10408000,"2024-03-08 21:00:51"
10428000,"2024-03-08 21:01:42"
10418000,"2024-03-08 21:02:34"
10408000,"2024-03-08 21:03:24"
10398000,"2024-03-08 21:04:14"
10408000,"2024-03-08 21:05:04"
10418000,"2024-03-08 21:05:58"
10448000,"2024-03-08 21:06:50"
10478000,"2024-03-08 21:07:42"
10488000,"2024-03-08 21:08:33"
10528000,"2024-03-08 21:09:25"
10548000,"2024-03-08 21:10:17"
10568000,"2024-03-08 21:11:07"
10558000,"2024-03-08 21:11:59"
10548000,"2024-03-08 21:12:49"
10568000,"2024-03-08 21:13:41"
10558000,"2024-03-08 21:14:32"
10548000,"2024-03-08 21:15:22"
10538000,"2024-03-08 21:16:14"
10528000,"2024-03-08 21:17:06"
10518000,"2024-03-08 21:17:56"
10508000,"2024-03-08 21:18:45"
10498000,"2024-03-08 21:19:35"
10518000,"2024-03-08 21:20:26"
10569000,"2024-03-09 21:13:58"
10579000,"2024-03-09 21:14:50"
10569000,"2024-03-09 21:15:40"
10559000,"2024-03-09 21:16:32"
10549000,"2024-03-09 21:17:23"
10539000,"2024-03-09 21:18:15"
10549000,"2024-03-09 21:19:06"
10539000,"2024-03-09 21:19:57"
10549000,"2024-03-09 21:20:49"
10539000,"2024-03-09 21:21:38"
10569000,"2024-03-09 21:22:31"
10559000,"2024-03-09 21:23:21"
10569000,"2024-03-09 21:24:13"
10579000,"2024-03-09 21:25:06"
10569000,"2024-03-09 21:25:55"
10579000,"2024-03-09 21:26:46"
10569000,"2024-03-09 21:27:37"
10559000,"2024-03-09 21:28:27"
10549000,"2024-03-09 21:29:16"
10539000,"2024-03-09 21:30:08"
10529000,"2024-03-09 21:30:58"
10519000,"2024-03-09 21:31:49"
10509000,"2024-03-09 21:32:38"
10539000,"2024-03-09 21:33:30"
10549000,"2024-03-09 21:34:20"
10569000,"2024-03-09 21:35:13"
10579000,"2024-03-09 21:36:04"
10569000,"2024-03-09 21:36:54"
10559000,"2024-03-09 21:37:43"
10599000,"2024-03-09 21:38:35"
10589000,"2024-03-09 21:39:26"
10619000,"2024-03-09 21:40:19"
10659000,"2024-03-09 21:41:12"
10649000,"2024-03-09 21:42:03"
10669000,"2024-03-09 21:42:56"
10679000,"2024-03-09 21:43:48"
10669000,"2024-03-09 21:44:38"
10659000,"2024-03-09 21:45:28"
10649000,"2024-03-09 21:46:19"
10639000,"2024-03-09 21:47:10"
10669000,"2024-03-09 21:48:03"
10699000,"2024-03-09 21:48:55"
10689000,"2024-03-09 21:49:47"
10699000,"2024-03-09 21:50:39"
10689000,"2024-03-09 21:51:29"
10699000,"2024-03-09 21:52:20"
10689000,"2024-03-09 21:53:09"
10679000,"2024-03-09 21:53:59"
10669000,"2024-03-09 21:54:51"
10659000,"2024-03-09 21:55:43"
10689000,"2024-03-09 21:56:36"
10699000,"2024-03-09 21:57:29"
10689000,"2024-03-09 21:58:20"
10679000,"2024-03-09 21:59:10"
10669000,"2024-03-09 22:00:02"
10689000,"2024-03-09 22:00:55"
10679000,"2024-03-09 22:01:47"
10669000,"2024-03-09 22:02:38"
10679000,"2024-03-09 22:03:30"
10669000,"2024-03-09 22:04:21"
10679000,"2024-03-09 22:05:12"
10669000,"2024-03-09 22:06:02"
10659000,"2024-03-09 22:06:52"
10669000,"2024-03-09 22:07:42"
10679000,"2024-03-09 22:08:35"
10689000,"2024-03-09 22:09:27"
10729000,"2024-03-09 22:10:19"
10749000,"2024-03-09 22:11:11"
10759000,"2024-03-09 22:12:04"
10769000,"2024-03-09 22:12:57"
10759000,"2024-03-09 22:13:46"
10760400,"2024-03-15 09:37:19"
10750400,"2024-03-15 09:38:15"
10740400,"2024-03-15 09:39:11"
10750400,"2024-03-15 09:40:07"
10740400,"2024-03-15 09:41:03"
10730400,"2024-03-15 09:42:00"
10750400,"2024-03-15 09:42:57"
10740400,"2024-03-15 09:43:52"
10730400,"2024-03-15 09:44:49"
10720400,"2024-03-15 09:45:46"
10710400,"2024-03-15 09:46:43"
10720400,"2024-03-15 09:47:40"
10710400,"2024-03-15 09:48:36"
10700400,"2024-03-15 09:49:32"
10690400,"2024-03-15 09:50:25"
10700400,"2024-03-15 09:51:23"
10690400,"2024-03-15 09:52:19"
10680400,"2024-03-15 09:53:15"
10670400,"2024-03-15 09:54:13"
10700400,"2024-03-15 09:55:10"
10690400,"2024-03-15 09:56:06"
10680400,"2024-03-15 09:57:03"
10700400,"2024-03-15 09:57:59"
10710400,"2024-03-15 09:58:57"
10700400,"2024-03-15 09:59:53"
10690400,"2024-03-15 10:00:49"
10700400,"2024-03-15 10:01:45"
10730400,"2024-03-15 10:02:42"
10770400,"2024-03-15 10:03:39"
10780400,"2024-03-15 10:04:36"
10820400,"2024-03-15 10:05:34"
10840400,"2024-03-15 10:06:31"
10860400,"2024-03-15 10:07:28"
10890400,"2024-03-15 10:08:26"
10880400,"2024-03-15 10:09:23"
10900400,"2024-03-15 10:10:20"
10890400,"2024-03-15 10:11:14"
10880400,"2024-03-15 10:12:11"
10870400,"2024-03-15 10:13:07"
10890400,"2024-03-15 10:14:04"
10880400,"2024-03-15 10:15:00"
10900400,"2024-03-15 10:15:58"
10890400,"2024-03-15 10:16:54"
10900400,"2024-03-15 10:17:52"
10920400,"2024-03-15 10:18:48"
10910400,"2024-03-15 10:19:45"
10900400,"2024-03-15 10:20:41"
10890400,"2024-03-15 10:21:34"
10880400,"2024-03-15 10:22:31"
10870400,"2024-03-15 10:23:27"
10890400,"2024-03-15 10:24:23"
10920400,"2024-03-15 10:25:21"
10930400,"2024-03-15 10:26:19"
10920400,"2024-03-15 10:27:16"
10940400,"2024-03-15 10:28:11"
10930400,"2024-03-15 10:29:08"
10920400,"2024-03-15 10:30:04"
10930400,"2024-03-15 10:30:59"
10920400,"2024-03-15 10:31:55"
10910400,"2024-03-15 10:32:52"
10900400,"2024-03-15 10:33:45"
10920400,"2024-03-15 10:34:43"
10910400,"2024-03-15 10:35:38"
10930400,"2024-03-15 10:36:36"
10920400,"2024-03-15 10:37:31"
10930400,"2024-03-15 10:38:27"
10920400,"2024-03-15 10:39:23"
10930400,"2024-03-15 10:40:18"
10920400,"2024-03-15 10:41:14"
10910400,"2024-03-15 10:42:10"
10900400,"2024-03-15 10:43:06"
10910400,"2024-03-15 10:44:03"
10900400,"2024-03-15 10:45:00"
10910400,"2024-03-15 10:45:56"
10940400,"2024-03-15 10:46:53"
10980400,"2024-03-15 10:47:50"
10970400,"2024-03-15 10:48:45"
11010400,"2024-03-15 10:49:44"
11020400,"2024-03-15 10:50:41"
11010400,"2024-03-15 10:51:38"
11040400,"2024-03-15 10:52:35"
11050400,"2024-03-15 10:53:33"
11040400,"2024-03-15 10:54:29"
11030400,"2024-03-15 10:55:24"
11050400,"2024-03-15 10:56:21"
11040400,"2024-03-15 10:57:18"
11050400,"2024-03-15 10:58:13"
11040400,"2024-03-15 10:59:10"
11060400,"2024-03-15 11:00:06"
11050400,"2024-03-15 11:01:02"
11070400,"2024-03-15 11:02:00"
11080400,"2024-03-15 11:02:57"
11110400,"2024-03-15 11:03:55"
11100400,"2024-03-15 11:04:51"
11090400,"2024-03-15 11:05:48"
11080400,"2024-03-15 11:06:43"
11090400,"2024-03-15 11:07:41"
11120400,"2024-03-15 11:08:38"
11110400,"2024-03-15 11:09:35"
11100400,"2024-03-15 11:10:30"
11110400,"2024-03-15 11:11:25"
11120400,"2024-03-15 11:12:21"
11150400,"2024-03-15 11:13:18"
11160400,"2024-03-15 11:14:16"
11150400,"2024-03-15 11:15:09"
11140400,"2024-03-15 11:16:06"
11150400,"2024-03-15 11:17:04"
11140400,"2024-03-15 11:18:00"
11160400,"2024-03-15 11:18:57"
11150400,"2024-03-15 11:19:52"
11170400,"2024-03-15 11:20:50"
11200400,"2024-03-15 11:21:48"
11190400,"2024-03-15 11:22:44"
11180400,"2024-03-15 11:23:39"
11190400,"2024-03-15 11:24:36"
11180400,"2024-03-15 11:25:32"
11190400,"2024-03-15 11:26:28"
11200400,"2024-03-15 11:27:25"
11230400,"2024-03-15 11:28:22"
11220400,"2024-03-15 11:29:19"
11210400,"2024-03-15 11:30:16"
11230400,"2024-03-15 11:31:13"
11240400,"2024-03-15 11:32:11"
11230400,"2024-03-15 11:33:08"
11240400,"2024-03-15 11:34:03"
11230400,"2024-03-15 11:34:58"
11220400,"2024-03-15 11:35:54"
11240400,"2024-03-15 11:36:51"
11260400,"2024-03-15 11:37:48"
11250400,"2024-03-15 11:38:44"
11280400,"2024-03-15 11:39:41"
11310400,"2024-03-15 11:40:39"
11300400,"2024-03-15 11:41:35"
11310400,"2024-03-15 11:42:33"
11320400,"2024-03-15 11:43:30"
11330400,"2024-03-15 11:44:28"
11320400,"2024-03-15 11:45:25"
11330400,"2024-03-15 11:46:22"
11320400,"2024-03-15 11:47:19"
11360400,"2024-03-15 11:48:16"
11350400,"2024-03-15 11:49:12"
11340400,"2024-03-15 11:50:07"
11330400,"2024-03-15 11:51:03"
11350400,"2024-03-15 11:51:59"
11340400,"2024-03-15 11:52:56"
11360400,"2024-03-15 11:53:53"
11350400,"2024-03-15 11:54:48"
11370400,"2024-03-15 11:55:45"
11360400,"2024-03-15 11:56:39"
11350400,"2024-03-15 11:57:36"
11360400,"2024-03-15 11:58:34"
11370400,"2024-03-15 11:59:32"
11360400,"2024-03-15 12:00:29"
11350400,"2024-03-15 12:01:23"
11370400,"2024-03-15 12:02:20"
11380400,"2024-03-15 12:03:17"
11410400,"2024-03-15 12:04:15"
11420400,"2024-03-15 12:05:11"
11430400,"2024-03-15 12:06:07"
11440400,"2024-03-15 12:07:04"
11450400,"2024-03-15 12:08:00"
11440400,"2024-03-15 12:08:57"
11470400,"2024-03-15 12:09:55"
11460400,"2024-03-15 12:10:51"
11450400,"2024-03-15 12:11:46"
11440400,"2024-03-15 12:12:42"
11501400,"2024-03-16 09:43:36"
11491400,"2024-03-16 09:44:31"
11481400,"2024-03-16 09:45:27"
11491400,"2024-03-16 09:46:24"
11481400,"2024-03-16 09:47:20"
11471400,"2024-03-16 09:48:16"
11461400,"2024-03-16 09:49:10"
11471400,"2024-03-16 09:50:07"
11511400,"2024-03-16 09:51:04"
11551400,"2024-03-16 09:52:00"
11591400,"2024-03-16 09:52:57"
11581400,"2024-03-16 09:53:54"
11571400,"2024-03-16 09:54:48"
11601400,"2024-03-16 09:55:43"
11621400,"2024-03-16 09:56:40"
11631400,"2024-03-16 09:57:36"
11641400,"2024-03-16 09:58:31"
11631400,"2024-03-16 09:59:26"
11621400,"2024-03-16 10:00:21"
11651400,"2024-03-16 10:01:18"
11671400,"2024-03-16 10:02:16"
11691400,"2024-03-16 10:03:13"
11681400,"2024-03-16 10:04:07"
11701400,"2024-03-16 10:05:05"
11721400,"2024-03-16 10:06:00"
11731400,"2024-03-16 10:06:58"
11721400,"2024-03-16 10:07:55"
11731400,"2024-03-16 10:08:53"
11741400,"2024-03-16 10:09:50"
11751400,"2024-03-16 10:10:47"
11741400,"2024-03-16 10:11:42"
11771400,"2024-03-16 10:12:39"
11964400,"2024-03-27 21:00:39"
11954400,"2024-03-27 21:01:35"
11944400,"2024-03-27 21:02:31"
11934400,"2024-03-27 21:03:27"
11924400,"2024-03-27 21:04:23"
11934400,"2024-03-27 21:05:20"
11924400,"2024-03-27 21:06:17"
11954400,"2024-03-27 21:07:13"
11944400,"2024-03-27 21:08:10"
11974400,"2024-03-27 21:09:06"
11964400,"2024-03-27 21:10:03"
11954400,"2024-03-27 21:10:58"
11944400,"2024-03-27 21:11:52"
11934400,"2024-03-27 21:12:49"
11944400,"2024-03-27 21:13:45"
11934400,"2024-03-27 21:14:42"
11954400,"2024-03-27 21:15:40"
11964400,"2024-03-27 21:16:36"
11954400,"2024-03-27 21:17:32"
11944400,"2024-03-27 21:18:26"
11934400,"2024-03-27 21:19:22"
11924400,"2024-03-27 21:20:18"
11934400,"2024-03-27 21:21:15"
11924400,"2024-03-27 21:22:10"
11934400,"2024-03-27 21:23:05"
11924400,"2024-03-27 21:24:01"
11914400,"2024-03-27 21:24:58"
11924400,"2024-03-27 21:25:56"
11944400,"2024-03-27 21:26:54"
11974400,"2024-03-27 21:27:51"
11964400,"2024-03-27 21:28:46"
11974400,"2024-03-27 21:29:43"
12004400,"2024-03-27 21:30:39"
12024400,"2024-03-27 21:31:36"
12034400,"2024-03-27 21:32:33"
12024400,"2024-03-27 21:33:30"
12034400,"2024-03-27 21:34:25"
12024400,"2024-03-27 21:35:20"
12034400,"2024-03-27 21:36:15"
12044400,"2024-03-27 21:37:12"
12064400,"2024-03-27 21:38:10"
12074400,"2024-03-27 21:39:07"
12064400,"2024-03-27 21:40:04"
12054400,"2024-03-27 21:40:59"
12084400,"2024-03-27 21:41:57"
12094400,"2024-03-27 21:42:54"
12084400,"2024-03-27 21:43:51"
12094400,"2024-03-27 21:44:46"
12084400,"2024-03-27 21:45:43"
12094400,"2024-03-27 21:46:40"
12084400,"2024-03-27 21:47:34"
12074400,"2024-03-27 21:48:30"
12064400,"2024-03-27 21:49:25"
12124400,"2024-03-28 17:11:51"
12114400,"2024-03-28 17:12:46"
12124400,"2024-03-28 17:13:43"
12114400,"2024-03-28 17:35:09"
12124400,"2024-03-28 17:36:06"
12114400,"2024-03-28 17:37:02"
12104400,"2024-03-28 17:37:58"
12114400,"2024-03-28 17:38:56"
12124400,"2024-03-28 17:39:53"
12114400,"2024-03-28 17:40:47"
12104400,"2024-03-28 17:41:42"
12124400,"2024-03-28 17:42:40"
12134400,"2024-03-28 17:43:37"
12144400,"2024-03-28 17:44:35"
12134400,"2024-03-28 17:45:32"
12124400,"2024-03-28 17:46:29"
12114400,"2024-03-28 17:47:26"
12104400,"2024-03-28 17:48:22"
12114400,"2024-03-28 17:49:16"
12124400,"2024-03-28 17:50:12"
12154400,"2024-03-28 17:51:10"
12194400,"2024-03-28 17:52:08"
12214400,"2024-03-28 17:53:05"
12204400,"2024-03-28 17:54:01"
12194400,"2024-03-28 17:54:58"
12224400,"2024-03-28 17:55:55"
12214400,"2024-03-28 17:56:51"
12244400,"2024-03-28 17:57:48"
12234400,"2024-03-28 17:58:45"
12224400,"2024-03-28 17:59:40"
12234400,"2024-03-28 18:00:38"
12224400,"2024-03-28 18:01:35"
12214400,"2024-03-28 18:02:32"
12254400,"2024-03-28 18:03:28"
12244400,"2024-03-28 18:04:23"
12234400,"2024-03-28 18:05:19"
12224400,"2024-03-28 18:06:13"
12214400,"2024-03-28 18:07:10"
12204400,"2024-03-28 18:08:04"
12194400,"2024-03-28 18:08:58"
12184400,"2024-03-28 18:09:54"
12174400,"2024-03-28 18:10:51"
12204400,"2024-03-28 18:11:49"
12214400,"2024-03-28 18:12:46"
12204400,"2024-03-28 18:13:43"
12214400,"2024-03-28 18:14:41"
12204400,"2024-03-28 18:15:37"
12214400,"2024-03-28 18:16:33"
12224400,"2024-03-28 18:17:28"
12244400,"2024-03-28 18:18:26"
12254400,"2024-03-28 18:19:21"
12244400,"2024-03-28 18:20:17"
12264400,"2024-03-28 18:21:15"
12294400,"2024-03-28 18:22:12"
12324400,"2024-03-28 18:23:10"
12314400,"2024-03-28 18:24:07"
12304400,"2024-03-28 18:25:04"
12294400,"2024-03-28 18:26:00"
12314400,"2024-03-28 18:26:57"
12304400,"2024-03-28 18:27:54"
12355400,"2024-03-29 12:16:59"
12345400,"2024-03-29 12:17:54"
12355400,"2024-03-29 12:18:51"
12345400,"2024-03-29 12:19:47"
12335400,"2024-03-29 12:20:41"
12325400,"2024-03-29 12:21:37"
12335400,"2024-03-29 12:22:35"
12345400,"2024-03-29 12:23:32"
12335400,"2024-03-29 12:24:28"
12345400,"2024-03-29 12:25:25"
12335400,"2024-03-29 12:26:21"
12345400,"2024-03-29 12:27:19"
12355400,"2024-03-29 12:28:17"
12365400,"2024-03-29 12:29:13"
12385400,"2024-03-29 12:30:10"
12375400,"2024-03-29 12:31:06"
12365400,"2024-03-29 12:32:02"
12355400,"2024-03-29 12:32:59"
12375400,"2024-03-29 12:33:56"
12365400,"2024-03-29 12:34:53"
12395400,"2024-03-29 12:35:50"
12385400,"2024-03-29 12:36:46"
12395400,"2024-03-29 12:37:44"
12425400,"2024-03-29 12:38:40"
12445400,"2024-03-29 12:39:38"
12475400,"2024-03-29 12:40:34"
12465400,"2024-03-29 12:41:30"
12455400,"2024-03-29 12:42:27"
12445400,"2024-03-29 12:43:22"
12435400,"2024-03-29 12:44:17"
12445400,"2024-03-29 12:45:15"
12455400,"2024-03-29 12:46:12"
12475400,"2024-03-29 12:47:08"
12495400,"2024-03-29 12:48:06"
12505400,"2024-03-29 12:49:03"
12515400,"2024-03-29 12:50:00"
12535400,"2024-03-29 12:50:58"
12525400,"2024-03-29 12:51:55"
12535400,"2024-03-29 12:52:52"
12525400,"2024-03-29 12:53:48"
12515400,"2024-03-29 12:54:45"
12505400,"2024-03-29 12:55:42"
12555400,"2024-03-29 12:56:39"
12565400,"2024-03-29 12:57:36"
12575400,"2024-03-29 12:58:34"
12565400,"2024-03-29 12:59:31"
12575400,"2024-03-29 13:00:26"
12565400,"2024-03-29 13:01:23"
12605400,"2024-03-29 13:02:19"
12595400,"2024-03-29 13:03:15"
12585400,"2024-03-29 13:04:12"
12595400,"2024-03-29 13:05:08"
12605400,"2024-03-29 13:06:06"
12595400,"2024-03-29 13:07:02"
12585400,"2024-03-29 13:07:58"
12595400,"2024-03-29 13:08:54"
12585400,"2024-03-29 13:09:50"
12575400,"2024-03-29 13:10:45"
12585400,"2024-03-29 13:11:41"
12605400,"2024-03-29 13:12:38"
12615400,"2024-03-29 13:13:35"
12685400,"2024-03-29 21:00:47"
12705400,"2024-03-29 21:01:44"
12725400,"2024-03-29 21:02:41"
12735400,"2024-03-29 21:03:39"
12725400,"2024-03-29 21:04:32"
12715400,"2024-03-29 21:05:29"
12705400,"2024-03-29 21:06:25"
12725400,"2024-03-29 21:07:22"
12755400,"2024-03-29 21:08:18"
12765400,"2024-03-29 21:09:15"
12755400,"2024-03-29 21:10:11"
12765400,"2024-03-29 21:11:08"
12795400,"2024-03-29 21:12:05"
12805400,"2024-03-29 21:13:03"
12795400,"2024-03-29 21:13:59"
12785400,"2024-03-29 21:14:55"
12775400,"2024-03-29 21:15:52"
12795400,"2024-03-29 21:16:49"
12785400,"2024-03-29 21:17:46"
12775400,"2024-03-29 21:18:42"
12765400,"2024-03-29 21:19:38"
12775400,"2024-03-29 21:20:35"
12805400,"2024-03-29 21:21:33"
12795400,"2024-03-29 21:22:30"
12785400,"2024-03-29 21:23:25"
12795400,"2024-03-29 21:24:21"
12785400,"2024-03-29 21:25:18"
12775400,"2024-03-29 21:26:14"
12805400,"2024-03-29 21:27:10"
12815400,"2024-03-29 21:28:07"
12805400,"2024-03-29 21:29:03"
12815400,"2024-03-29 21:30:01"
12825400,"2024-03-29 21:30:57"
12815400,"2024-03-29 21:31:53"
12805400,"2024-03-29 21:32:46"
12825400,"2024-03-29 21:33:43"
12815400,"2024-03-29 21:34:40"
12805400,"2024-03-29 21:35:36"
12815400,"2024-03-29 21:36:34"
12845400,"2024-03-29 21:37:31"
12855400,"2024-03-29 21:38:28"
12845400,"2024-03-29 21:39:25"
12855400,"2024-03-29 21:40:22"
12845400,"2024-03-29 21:41:18"
12835400,"2024-03-29 21:42:13"
12825400,"2024-03-29 21:43:10"
12815400,"2024-03-29 21:44:05"
12805400,"2024-03-29 21:44:59"
12795400,"2024-03-29 21:45:55"
12815400,"2024-03-29 21:46:51"
12825400,"2024-03-29 21:47:49"
12815400,"2024-03-29 21:48:44"
12845400,"2024-03-29 21:49:41"
12835400,"2024-03-29 21:50:37"
12825400,"2024-03-29 21:51:31"
12855400,"2024-03-29 21:52:27"
12865400,"2024-03-29 21:53:24"
12875400,"2024-03-29 21:54:22"
12865400,"2024-03-29 21:55:17"
12875400,"2024-03-29 21:56:15"
12885400,"2024-03-29 21:57:12"
12925400,"2024-03-30 10:11:36"
12915400,"2024-03-30 10:12:17"
12925400,"2024-03-30 10:12:57"
12915400,"2024-03-30 10:13:40"
12925400,"2024-03-30 10:14:21"
12965400,"2024-03-30 10:15:04"
12975400,"2024-03-30 10:15:46"
12965400,"2024-03-30 10:16:28"
12975400,"2024-03-30 10:17:09"
12965400,"2024-03-30 10:17:49"
12955400,"2024-03-30 10:18:32"
12975400,"2024-03-30 10:19:15"
12965400,"2024-03-30 10:19:57"
12955400,"2024-03-30 10:20:39"
12945400,"2024-03-30 10:21:20"
12935400,"2024-03-30 10:22:01"
12925400,"2024-03-30 10:22:43"
12915400,"2024-03-30 10:23:24"
12945400,"2024-03-30 10:24:07"
12995400,"2024-03-30 10:24:48"
12985400,"2024-03-30 10:25:27"
13015400,"2024-03-30 10:26:10"
13005400,"2024-03-30 10:26:50"
12995400,"2024-03-30 10:27:30"
12985400,"2024-03-30 10:28:12"
13025400,"2024-03-30 10:28:54"
13015400,"2024-03-30 10:29:36"
13005400,"2024-03-30 10:30:17"
12995400,"2024-03-30 10:30:59"
13005400,"2024-03-30 10:31:42"
12995400,"2024-03-30 10:32:23"
13025400,"2024-03-30 10:33:06"
13015400,"2024-03-30 10:33:48"
13005400,"2024-03-30 10:34:30"
13015400,"2024-03-30 10:35:13"
13025400,"2024-03-30 10:35:56"
13015400,"2024-03-30 10:36:39"
13005400,"2024-03-30 10:37:18"
12995400,"2024-03-30 10:38:01"
12985400,"2024-03-30 10:38:41"
13005400,"2024-03-30 10:39:23"
12995400,"2024-03-30 10:40:05"
13005400,"2024-03-30 10:40:48"
12995400,"2024-03-30 10:41:29"
13005400,"2024-03-30 10:42:09"
13025400,"2024-03-30 10:42:52"
13035400,"2024-03-30 10:43:35"
13045400,"2024-03-30 10:44:16"
13055400,"2024-03-30 10:44:59"
13045400,"2024-03-30 10:45:42"
13035400,"2024-03-30 10:46:24"
13045400,"2024-03-30 10:47:05"
13085400,"2024-03-30 10:47:48"
13105400,"2024-03-30 10:48:28"
13095400,"2024-03-30 10:49:10"
13085400,"2024-03-30 10:49:51"
13075400,"2024-03-30 10:50:33"
13065400,"2024-03-30 10:51:14"
13075400,"2024-03-30 10:51:57"
13065400,"2024-03-30 10:52:38"
13055400,"2024-03-30 10:53:20"
13045400,"2024-03-30 10:54:02"
13085400,"2024-03-30 10:54:45"
13095400,"2024-03-30 10:55:25"
13105400,"2024-03-30 10:56:07"
13095400,"2024-03-30 10:56:46"
13105400,"2024-03-30 10:57:29"
13125400,"2024-03-30 10:58:12"
13145400,"2024-03-30 10:58:54"
13135400,"2024-03-30 10:59:34"
13145400,"2024-03-30 11:00:16"
13135400,"2024-03-30 11:00:58"
13155400,"2024-03-30 11:01:40"
13145400,"2024-03-30 11:02:22"
13195400,"2024-03-30 11:03:05"
13185400,"2024-03-30 11:03:45"
13215400,"2024-03-30 11:04:28"
13225400,"2024-03-30 11:05:09"
13235400,"2024-03-30 11:05:52"
13225400,"2024-03-30 11:06:34"
13235400,"2024-03-30 11:07:17"
13265400,"2024-03-30 11:08:00"
13356400,"2024-03-30 13:48:34"
13346400,"2024-03-30 13:49:15"
13356400,"2024-03-30 13:49:59"
13346400,"2024-03-30 13:50:41"
13356400,"2024-03-30 13:51:21"
13386400,"2024-03-30 13:52:03"
13396400,"2024-03-30 13:52:45"
13386400,"2024-03-30 13:53:26"
13396400,"2024-03-30 13:54:05"
13386400,"2024-03-30 13:54:46"
13376400,"2024-03-30 13:55:28"
13386400,"2024-03-30 13:56:09"
13436400,"2024-03-30 13:56:52"
13446400,"2024-03-30 13:57:34"
13436400,"2024-03-30 13:58:16"
13426400,"2024-03-30 13:58:58"
13416400,"2024-03-30 13:59:41"
13436400,"2024-03-30 14:00:23"
13446400,"2024-03-30 14:01:04"
13436400,"2024-03-30 14:01:44"
13426400,"2024-03-30 14:02:24"
13416400,"2024-03-30 14:03:05"
13406400,"2024-03-30 14:03:46"
13416400,"2024-03-30 14:04:29"
13426400,"2024-03-30 14:05:12"
13436400,"2024-03-30 14:05:54"
13426400,"2024-03-30 14:06:36"
13436400,"2024-03-30 14:07:19"
13446400,"2024-03-30 14:08:01"
13436400,"2024-03-30 14:08:42"
13426400,"2024-03-30 14:09:23"
13456400,"2024-03-30 14:10:06"
13446400,"2024-03-30 14:10:47"
13436400,"2024-03-30 14:11:29"
13426400,"2024-03-30 14:12:11"
13446400,"2024-03-30 14:12:54"
13436400,"2024-03-30 14:13:35"
13426400,"2024-03-30 14:14:17"
13436400,"2024-03-30 14:14:59"
13426400,"2024-03-30 14:15:41"
13416400,"2024-03-30 14:16:22"
13406400,"2024-03-30 14:17:05"
13436400,"2024-03-30 14:17:46"
13426400,"2024-03-30 14:18:26"
13416400,"2024-03-30 14:19:06"
13406400,"2024-03-30 14:19:45"
13446400,"2024-03-30 14:20:28"
13466400,"2024-03-30 14:21:11"
13496400,"2024-03-30 14:21:54"
13486400,"2024-03-30 14:22:35"
13476400,"2024-03-30 14:23:16"
13466400,"2024-03-30 14:23:59"
13476400,"2024-03-30 14:24:41"
13466400,"2024-03-30 14:25:22"
13456400,"2024-03-30 14:26:03"
13446400,"2024-03-30 14:26:44"
13466400,"2024-03-30 14:27:27"
13486400,"2024-03-30 14:28:09"
13496400,"2024-03-30 14:28:51"
13506400,"2024-03-30 14:29:34"
13496400,"2024-03-30 14:30:15"
13506400,"2024-03-30 14:30:57"
13496400,"2024-03-30 14:31:40"
13506400,"2024-03-30 14:32:21"
13496400,"2024-03-30 14:33:04"
13526400,"2024-03-30 14:33:46"
13516400,"2024-03-30 14:34:28"
13526400,"2024-03-30 14:35:11"
13536400,"2024-03-30 14:35:54"
13526400,"2024-03-30 14:36:36"
13516400,"2024-03-30 14:37:18"
13526400,"2024-03-30 14:38:00"
13516400,"2024-03-30 14:38:40"
13506400,"2024-03-30 14:39:22"
13496400,"2024-03-30 14:40:04"
13486400,"2024-03-30 14:40:44"
13496400,"2024-03-30 14:41:27"
13516400,"2024-03-30 14:42:09"
13546400,"2024-03-30 14:42:52"
13536400,"2024-03-30 14:43:34"
13556400,"2024-03-30 14:44:16"
13606400,"2024-03-30 14:44:58"
12999400,"2024-04-03 22:22:19"
12989400,"2024-04-03 22:23:00"
12979400,"2024-04-03 22:23:42"
12969400,"2024-04-03 22:24:23"
12959400,"2024-04-03 22:25:04"
12949400,"2024-04-03 22:25:44"
12939400,"2024-04-03 22:26:24"
12949400,"2024-04-03 22:27:06"
12969400,"2024-04-03 22:27:48"
12959400,"2024-04-03 22:28:30"
12949400,"2024-04-03 22:29:13"
12959400,"2024-04-03 22:29:54"
12979400,"2024-04-03 22:30:36"
12989400,"2024-04-03 22:31:19"
12999400,"2024-04-03 22:32:01"
12989400,"2024-04-03 22:32:42"
13029400,"2024-04-03 22:33:26"
13019400,"2024-04-03 22:34:06"
13029400,"2024-04-03 22:34:47"
13039400,"2024-04-03 22:35:30"
13029400,"2024-04-03 22:36:12"
13039400,"2024-04-03 22:36:55"
13029400,"2024-04-03 22:37:36"
13019400,"2024-04-03 22:38:17"
13029400,"2024-04-03 22:38:59"
13019400,"2024-04-03 22:39:42"
13039400,"2024-04-03 22:40:25"
13029400,"2024-04-03 22:41:06"
13019400,"2024-04-03 22:41:47"
13009400,"2024-04-03 22:42:29"
12999400,"2024-04-03 22:43:11"
13029400,"2024-04-03 22:43:54"
13059400,"2024-04-03 22:44:37"
13049400,"2024-04-03 22:45:19"
13069400,"2024-04-03 22:46:02"
13079400,"2024-04-03 22:46:41"
13099400,"2024-04-03 22:47:24"
13119400,"2024-04-03 22:48:07"
13109400,"2024-04-03 22:48:49"
13139400,"2024-04-03 22:49:31"
13149400,"2024-04-03 22:50:14"
13159400,"2024-04-03 22:50:58"
13330400,"2024-04-04 23:22:00"
13350400,"2024-04-04 23:22:42"
13340400,"2024-04-04 23:23:23"
13330400,"2024-04-04 23:24:02"
13340400,"2024-04-04 23:24:45"
13360400,"2024-04-04 23:25:26"
13350400,"2024-04-04 23:26:07"
13340400,"2024-04-04 23:26:50"
13350400,"2024-04-04 23:27:32"
13360400,"2024-04-04 23:28:14"
13400400,"2024-04-04 23:28:55"
13390400,"2024-04-04 23:29:38"
13380400,"2024-04-04 23:30:18"
13390400,"2024-04-04 23:31:02"
13380400,"2024-04-04 23:31:44"
13370400,"2024-04-04 23:32:25"
13360400,"2024-04-04 23:33:07"
13350400,"2024-04-04 23:33:49"
13390400,"2024-04-04 23:34:32"
13430400,"2024-04-04 23:35:14"
13420400,"2024-04-04 23:35:56"
13410400,"2024-04-04 23:36:37"
13420400,"2024-04-04 23:37:18"
13440400,"2024-04-04 23:38:00"
13460400,"2024-04-04 23:38:43"
13450400,"2024-04-04 23:39:23"
13480400,"2024-04-04 23:40:06"
13490400,"2024-04-04 23:40:57"
13500400,"2024-04-04 23:41:40"
13510400,"2024-04-04 23:42:22"
13550400,"2024-04-04 23:43:03"
13540400,"2024-04-04 23:43:43"
13530400,"2024-04-04 23:44:25"
13520400,"2024-04-04 23:45:06"
13510400,"2024-04-04 23:45:45"
13530400,"2024-04-04 23:46:28"
13550400,"2024-04-04 23:47:12"
13570400,"2024-04-04 23:47:54"
13590400,"2024-04-04 23:48:36"
13600400,"2024-04-04 23:49:17"
13610400,"2024-04-04 23:50:00"
13630400,"2024-04-04 23:50:43"
13620400,"2024-04-04 23:51:25"
13660400,"2024-04-04 23:52:06"
13650400,"2024-04-04 23:52:46"
13640400,"2024-04-04 23:53:26"
13630400,"2024-04-04 23:54:08"
13650400,"2024-04-04 23:54:51"
13660400,"2024-04-04 23:55:33"
13710400,"2024-04-04 23:56:16"
13700400,"2024-04-04 23:56:57"
13710400,"2024-04-04 23:57:40"
13730400,"2024-04-04 23:58:24"
13720400,"2024-04-04 23:59:06"
13710400,"2024-04-04 23:59:48"
13700400,"2024-04-05 00:00:30"
13710400,"2024-04-05 00:01:14"
13730400,"2024-04-05 00:01:55"
13720400,"2024-04-05 00:02:36"
13730400,"2024-04-05 00:03:19"
13720400,"2024-04-05 00:04:01"
13710400,"2024-04-05 00:04:43"
13700400,"2024-04-05 00:05:24"
13710400,"2024-04-05 00:06:04"
13700400,"2024-04-05 00:06:45"
13690400,"2024-04-05 00:07:26"
13700400,"2024-04-05 00:08:09"
13720400,"2024-04-05 00:08:52"
13740400,"2024-04-05 00:09:33"
13730400,"2024-04-05 00:10:15"
13780400,"2024-04-05 00:10:56"
13770400,"2024-04-05 00:11:37"
13790400,"2024-04-05 00:12:20"
13800400,"2024-04-05 00:13:03"
13790400,"2024-04-05 00:13:45"
13810400,"2024-04-05 00:14:28"
13800400,"2024-04-05 00:15:10"
13790400,"2024-04-05 00:15:51"
13800400,"2024-04-05 00:16:33"
13810400,"2024-04-05 00:17:16"
13800400,"2024-04-05 00:17:57"
13790400,"2024-04-05 00:18:37"
13860400,"2024-04-05 11:08:10"
13850400,"2024-04-05 11:08:52"
13840400,"2024-04-05 11:09:33"
13830400,"2024-04-05 11:10:14"
13820400,"2024-04-05 11:10:57"
13840400,"2024-04-05 11:11:39"
13830400,"2024-04-05 11:12:21"
13820400,"2024-04-05 11:13:03"
13810400,"2024-04-05 11:13:45"
13820400,"2024-04-05 11:14:28"
13850400,"2024-04-05 11:15:11"
13840400,"2024-04-05 11:15:52"
13860400,"2024-04-05 11:16:36"
13850400,"2024-04-05 11:17:18"
13870400,"2024-04-05 11:18:00"
13860400,"2024-04-05 11:18:40"
13890400,"2024-04-05 11:19:21"
13900400,"2024-04-05 11:20:05"
13910400,"2024-04-05 11:20:48"
13900400,"2024-04-05 11:21:29"
13890400,"2024-04-05 11:22:10"
13880400,"2024-04-05 11:22:53"
13870400,"2024-04-05 11:23:33"
13860400,"2024-04-05 11:24:14"
13850400,"2024-04-05 11:24:54"
13840400,"2024-04-05 11:25:36"
13850400,"2024-04-05 11:26:18"
13840400,"2024-04-05 11:27:00"
13830400,"2024-04-05 11:27:41"
13820400,"2024-04-05 11:28:21"
13830400,"2024-04-05 11:29:04"
13840400,"2024-04-05 11:29:46"
13830400,"2024-04-05 11:30:27"
13820400,"2024-04-05 11:31:10"
13810400,"2024-04-05 11:31:51"
13830400,"2024-04-05 11:32:34"
13820400,"2024-04-05 11:33:14"
13850400,"2024-04-05 11:33:57"
13860400,"2024-04-05 11:34:37"
13850400,"2024-04-05 11:35:19"
13860400,"2024-04-05 11:36:01"
13850400,"2024-04-05 11:36:42"
13870400,"2024-04-05 11:37:25"
13860400,"2024-04-05 11:38:07"
13880400,"2024-04-05 11:38:49"
13870400,"2024-04-05 11:39:31"
13860400,"2024-04-05 11:40:13"
13870400,"2024-04-05 11:40:54"
13860400,"2024-04-05 11:41:34"
13850400,"2024-04-05 11:42:14"
13840400,"2024-04-05 11:42:57"
13830400,"2024-04-05 11:43:38"
13820400,"2024-04-05 11:44:19"
13810400,"2024-04-05 11:45:00"
13840400,"2024-04-05 11:45:44"
13860400,"2024-04-05 11:46:27"
13880400,"2024-04-05 11:47:10"
13870400,"2024-04-05 11:47:52"
13900400,"2024-04-05 11:48:34"
13890400,"2024-04-05 11:49:15"
13910400,"2024-04-05 11:49:59"
13900400,"2024-04-05 11:50:41"
13890400,"2024-04-05 11:51:22"
13880400,"2024-04-05 11:52:04"
13870400,"2024-04-05 11:52:46"
13890400,"2024-04-05 11:53:28"
13880400,"2024-04-05 11:54:10"
13900400,"2024-04-05 11:54:52"
13920400,"2024-04-05 11:55:34"
13910400,"2024-04-05 11:56:16"
13900400,"2024-04-05 11:56:57"
13940400,"2024-04-05 11:57:40"
13960400,"2024-04-05 11:58:22"
13950400,"2024-04-05 11:59:04"
13940400,"2024-04-05 11:59:43"
13930400,"2024-04-05 12:00:26"
13920400,"2024-04-05 12:01:08"
13910400,"2024-04-05 12:01:50"
13900400,"2024-04-05 12:02:31"
13621400,"2024-04-06 12:49:55"
13611400,"2024-04-06 12:50:36"
13601400,"2024-04-06 12:51:19"
13591400,"2024-04-06 12:52:00"
13611400,"2024-04-06 12:52:41"
13621400,"2024-04-06 12:53:23"
13611400,"2024-04-06 12:54:03"
13601400,"2024-04-06 12:54:44"
13591400,"2024-04-06 12:55:26"
13621400,"2024-04-06 12:56:10"
13651400,"2024-04-06 12:56:53"
13641400,"2024-04-06 12:57:33"
13631400,"2024-04-06 12:58:16"
13661400,"2024-04-06 12:58:59"
13691400,"2024-04-06 12:59:42"
13681400,"2024-04-06 13:00:24"
13721400,"2024-04-06 13:01:06"
13741400,"2024-04-06 13:01:48"
13761400,"2024-04-06 13:02:30"
13781400,"2024-04-06 13:03:11"
13771400,"2024-04-06 13:03:53"
13781400,"2024-04-06 13:04:36"
13771400,"2024-04-06 13:05:18"
13801400,"2024-04-06 13:06:00"
13791400,"2024-04-06 13:06:39"
13781400,"2024-04-06 13:07:21"
13771400,"2024-04-06 13:08:01"
13781400,"2024-04-06 13:08:42"
13791400,"2024-04-06 13:09:25"
13811400,"2024-04-06 13:10:08"
13801400,"2024-04-06 13:10:50"
13791400,"2024-04-06 13:11:30"
13821400,"2024-04-06 13:12:13"
13811400,"2024-04-06 13:12:55"
13821400,"2024-04-06 13:13:38"
13811400,"2024-04-06 13:14:20"
13801400,"2024-04-06 13:15:03"
13791400,"2024-04-06 13:15:45"
13811400,"2024-04-06 13:16:28"
13801400,"2024-04-06 13:17:10"
13811400,"2024-04-06 13:17:53"
13801400,"2024-04-06 13:18:35"
13851400,"2024-04-06 13:19:18"
13841400,"2024-04-06 13:19:59"
13851400,"2024-04-06 13:20:42"
13871400,"2024-04-06 13:21:24"
13861400,"2024-04-06 13:22:06"
13851400,"2024-04-06 13:22:48"
13861400,"2024-04-06 13:23:30"
13851400,"2024-04-06 13:24:13"
13841400,"2024-04-06 13:24:52"
13831400,"2024-04-06 13:25:34"
13861400,"2024-04-06 13:26:15"
13881400,"2024-04-06 13:26:58"
13871400,"2024-04-06 13:27:37"
13901400,"2024-04-06 13:28:21"
13891400,"2024-04-06 13:29:01"
13881400,"2024-04-06 13:29:41"
13871400,"2024-04-06 13:30:23"
13881400,"2024-04-06 13:31:06"
13871400,"2024-04-06 13:31:49"
13861400,"2024-04-06 13:32:30"
13901400,"2024-04-06 13:33:12"
13891400,"2024-04-06 13:33:54"
13901400,"2024-04-06 13:34:37"
13891400,"2024-04-06 13:35:18"
13921400,"2024-04-06 13:36:02"
13931400,"2024-04-06 13:36:45"
13921400,"2024-04-06 13:37:27"
13911400,"2024-04-06 13:38:09"
13901400,"2024-04-06 13:38:51"
13891400,"2024-04-06 13:39:31"
13881400,"2024-04-06 13:40:14"
13871400,"2024-04-06 13:40:53"
13881400,"2024-04-06 13:41:36"
13891400,"2024-04-06 13:42:17"
13881400,"2024-04-06 13:43:00"
13871400,"2024-04-06 13:43:41"
13881400,"2024-04-06 13:44:25"
13871400,"2024-04-06 13:45:06"
13881400,"2024-04-06 13:45:47"
13871400,"2024-04-06 13:46:28"
14292400,"2024-04-07 00:19:20"
14282400,"2024-04-07 00:20:02"
14272400,"2024-04-07 00:20:43"
14262400,"2024-04-07 00:21:26"
14282400,"2024-04-07 00:22:09"
14292400,"2024-04-07 00:22:51"
14302400,"2024-04-07 00:23:34"
14312400,"2024-04-07 00:24:17"
14302400,"2024-04-07 00:24:58"
14292400,"2024-04-07 00:25:40"
14282400,"2024-04-07 00:26:21"
14272400,"2024-04-07 00:27:02"
14262400,"2024-04-07 00:27:43"
14302400,"2024-04-07 09:44:29"
14292400,"2024-04-07 09:45:10"
14282400,"2024-04-07 09:45:52"
14302400,"2024-04-07 09:46:35"
14292400,"2024-04-07 09:47:18"
14282400,"2024-04-07 09:47:59"
14272400,"2024-04-07 09:48:42"
14262400,"2024-04-07 09:49:22"
14272400,"2024-04-07 09:50:05"
14282400,"2024-04-07 09:50:46"
14292400,"2024-04-07 09:51:28"
14282400,"2024-04-07 09:52:10"
14302400,"2024-04-07 09:52:50"
14332400,"2024-04-07 09:53:33"
14322400,"2024-04-07 09:54:14"
14332400,"2024-04-07 09:54:57"
14322400,"2024-04-07 09:55:37"
14312400,"2024-04-07 09:56:19"
14332400,"2024-04-07 09:57:00"
14342400,"2024-04-07 09:57:43"
14352400,"2024-04-07 09:58:26"
14342400,"2024-04-07 09:59:08"
14382400,"2024-04-07 09:59:52"
14402400,"2024-04-07 10:00:35"
14392400,"2024-04-07 10:01:16"
14382400,"2024-04-07 10:01:57"
14372400,"2024-04-07 10:02:38"
14402400,"2024-04-07 10:03:21"
14392400,"2024-04-07 10:04:02"
14422400,"2024-04-07 10:04:46"
14412400,"2024-04-07 10:05:26"
14402400,"2024-04-07 10:06:07"
14422400,"2024-04-07 10:06:51"
14412400,"2024-04-07 10:07:33"
14442400,"2024-04-07 10:08:16"
14432400,"2024-04-07 10:08:59"
14442400,"2024-04-07 10:09:40"
14472400,"2024-04-07 10:10:20"
14462400,"2024-04-07 10:11:02"
14472400,"2024-04-07 10:11:45"
14492400,"2024-04-07 10:12:27"
14482400,"2024-04-07 10:13:08"
14472400,"2024-04-07 10:13:50"
14482400,"2024-04-07 10:14:33"
14512400,"2024-04-07 10:15:15"
14502400,"2024-04-07 10:15:57"
14522400,"2024-04-07 10:16:41"
14512400,"2024-04-07 10:17:22"
14522400,"2024-04-07 10:18:05"
14512400,"2024-04-07 10:18:46"
14502400,"2024-04-07 10:19:27"
14492400,"2024-04-07 10:20:09"
14482400,"2024-04-07 10:20:48"
14472400,"2024-04-07 10:21:31"
14462400,"2024-04-07 10:22:11"
14482400,"2024-04-07 10:22:53"
14502400,"2024-04-07 10:23:36"
14522400,"2024-04-07 10:24:18"
14512400,"2024-04-07 10:24:59"
14502400,"2024-04-07 10:25:41"
14512400,"2024-04-07 10:26:24"
14532400,"2024-04-07 10:27:06"
14522400,"2024-04-07 10:27:47"
14542400,"2024-04-07 10:28:31"
14532400,"2024-04-07 10:29:13"
14542400,"2024-04-07 10:29:54"
14552400,"2024-04-07 10:30:35"
14542400,"2024-04-07 10:31:17"
14552400,"2024-04-07 10:32:01"
14542400,"2024-04-07 10:32:42"
14532400,"2024-04-07 10:33:25"
14552400,"2024-04-07 10:34:07"
14542400,"2024-04-07 10:34:49"
14552400,"2024-04-07 10:35:30"
14542400,"2024-04-07 10:36:11"
14552400,"2024-04-07 10:36:54"
14542400,"2024-04-07 10:37:35"
14552400,"2024-04-07 10:38:16"
14542400,"2024-04-07 10:38:57"
14562400,"2024-04-07 10:39:40"
14582400,"2024-04-07 10:40:23"
14572400,"2024-04-07 10:41:03"
14612400,"2024-04-07 16:02:08"
14602400,"2024-04-07 16:02:50"
14622400,"2024-04-07 16:03:33"
14612400,"2024-04-07 16:04:16"
14632400,"2024-04-07 16:04:57"
14642400,"2024-04-07 16:05:40"
14652400,"2024-04-07 16:06:22"
14642400,"2024-04-07 16:07:03"
14632400,"2024-04-07 16:07:45"
14662400,"2024-04-07 16:08:29"
14652400,"2024-04-07 16:09:11"
14662400,"2024-04-07 16:09:54"
14652400,"2024-04-07 16:10:37"
14642400,"2024-04-07 16:11:19"
14632400,"2024-04-07 16:11:59"
14642400,"2024-04-07 16:12:42"
14652400,"2024-04-07 16:13:26"
14662400,"2024-04-07 16:14:08"
14652400,"2024-04-07 16:14:48"
14642400,"2024-04-07 16:15:28"
14632400,"2024-04-07 16:16:10"
14672400,"2024-04-07 16:16:54"
14682400,"2024-04-07 16:17:37"
14712400,"2024-04-07 16:18:20"
14702400,"2024-04-07 16:19:03"
14712400,"2024-04-07 16:19:45"
14702400,"2024-04-07 16:20:26"
14692400,"2024-04-07 16:21:08"
14722400,"2024-04-07 16:21:51"
14712400,"2024-04-07 16:22:34"
14702400,"2024-04-07 16:23:16"
14712400,"2024-04-07 16:23:57"
14722400,"2024-04-07 16:24:39"
14712400,"2024-04-07 16:25:21"
14742400,"2024-04-07 16:26:03"
14752400,"2024-04-07 16:26:44"
14742400,"2024-04-07 16:27:25"
14732400,"2024-04-07 16:28:06"
14722400,"2024-04-07 16:28:48"
14712400,"2024-04-07 16:29:30"
14702400,"2024-04-07 16:30:11"
14712400,"2024-04-07 16:30:52"
14732400,"2024-04-07 16:31:35"
14722400,"2024-04-07 16:32:17"
14732400,"2024-04-07 16:32:59"
14722400,"2024-04-07 16:33:40"
14712400,"2024-04-07 16:34:22"
14722400,"2024-04-07 16:35:05"
14732400,"2024-04-07 16:35:48"
14722400,"2024-04-07 16:36:29"
14712400,"2024-04-07 16:37:09"
14732400,"2024-04-07 16:37:52"
14772400,"2024-04-07 16:38:35"
14762400,"2024-04-07 16:39:18"
14782400,"2024-04-07 16:40:00"
14772400,"2024-04-07 16:40:41"
14762400,"2024-04-07 16:41:23"
14782400,"2024-04-07 16:42:05"
14772400,"2024-04-07 16:42:45"
14762400,"2024-04-07 16:43:26"
14772400,"2024-04-07 16:44:09"
14792400,"2024-04-07 16:44:50"
14782400,"2024-04-07 16:45:32"
14792400,"2024-04-07 16:46:15"
14782400,"2024-04-07 16:46:57"
14772400,"2024-04-07 16:47:38"
14762400,"2024-04-07 16:48:20"
14772400,"2024-04-07 16:49:01"
14762400,"2024-04-07 16:49:43"
14772400,"2024-04-07 16:50:25"
14782400,"2024-04-07 16:51:07"
14772400,"2024-04-07 16:51:47"
14792400,"2024-04-07 16:52:31"
14812400,"2024-04-07 16:53:12"
14802400,"2024-04-07 16:53:52"
14792400,"2024-04-07 16:54:33"
14802400,"2024-04-07 16:55:14"
14792400,"2024-04-07 16:55:56"
14782400,"2024-04-07 16:56:38"
14802400,"2024-04-07 16:57:20"
14792400,"2024-04-07 16:58:02"
14782400,"2024-04-07 16:58:44"
14862400,"2024-04-07 18:37:00"
14852400,"2024-04-07 18:37:41"
14842400,"2024-04-07 18:38:21"
14832400,"2024-04-07 18:39:02"
14822400,"2024-04-07 18:39:43"
14812400,"2024-04-07 18:40:24"
14802400,"2024-04-07 18:41:06"
14792400,"2024-04-07 18:41:47"
14802400,"2024-04-07 18:42:31"
14792400,"2024-04-07 18:43:12"
14822400,"2024-04-07 18:43:53"
14832400,"2024-04-07 18:44:37"
14852400,"2024-04-07 18:45:19"
14862400,"2024-04-07 18:46:02"
14892400,"2024-04-07 18:46:43"
14902400,"2024-04-07 18:47:25"
14892400,"2024-04-07 18:48:07"
14942400,"2024-04-07 18:48:49"
14932400,"2024-04-07 18:49:30"
14942400,"2024-04-07 18:50:13"
14932400,"2024-04-07 18:50:54"
14922400,"2024-04-07 18:51:36"
14912400,"2024-04-07 18:52:17"
14932400,"2024-04-07 18:52:59"
14922400,"2024-04-07 18:53:40"
14912400,"2024-04-07 18:54:22"
14922400,"2024-04-07 18:55:04"
14912400,"2024-04-07 18:55:45"
14902400,"2024-04-07 18:56:26"
14922400,"2024-04-07 18:57:08"
14932400,"2024-04-07 18:57:51"
14922400,"2024-04-07 18:58:33"
14912400,"2024-04-07 18:59:14"
14902400,"2024-04-07 18:59:55"
14942400,"2024-04-07 19:00:36"
14952400,"2024-04-07 19:01:20"
14972400,"2024-04-07 19:01:59"
14962400,"2024-04-07 19:02:39"
14972400,"2024-04-07 19:03:23"
14962400,"2024-04-07 19:04:05"
14952400,"2024-04-07 19:04:45"
14942400,"2024-04-07 19:05:28"
14932400,"2024-04-07 19:06:10"
14922400,"2024-04-07 19:06:51"
14912400,"2024-04-07 19:07:34"
14952400,"2024-04-07 19:08:17"
14942400,"2024-04-07 19:08:59"
14932400,"2024-04-07 19:09:37"
14922400,"2024-04-07 19:10:16"
14912400,"2024-04-07 19:10:55"
14952400,"2024-04-07 19:11:39"
14962400,"2024-04-07 19:12:22"
14972400,"2024-04-07 19:13:05"
14992400,"2024-04-07 19:13:48"
15012400,"2024-04-07 19:14:31"
15002400,"2024-04-07 19:15:12"
14992400,"2024-04-07 19:15:53"
14982400,"2024-04-07 19:16:35"
14972400,"2024-04-07 19:17:16"
14962400,"2024-04-07 19:17:57"
14952400,"2024-04-07 19:18:38"
14942400,"2024-04-07 19:19:19"
14972400,"2024-04-07 19:20:02"
14962400,"2024-04-07 19:20:44"
14992400,"2024-04-07 19:21:27"
15012400,"2024-04-07 19:22:09"
15052400,"2024-04-07 19:22:52"
15042400,"2024-04-07 19:23:34"
15072400,"2024-04-07 19:24:15"
15102400,"2024-04-07 19:24:58"
15092400,"2024-04-07 19:25:41"
15112400,"2024-04-07 19:26:23"
15102400,"2024-04-07 19:27:06"
15112400,"2024-04-07 19:27:48"
15122400,"2024-04-07 19:28:30"
15162400,"2024-04-07 19:29:13"
15172400,"2024-04-07 19:29:56"
15192400,"2024-04-07 19:30:38"
15212400,"2024-04-07 19:31:19"
15232400,"2024-04-07 19:32:02"
15222400,"2024-04-07 19:32:44"
15252400,"2024-04-07 19:33:26"
